3d-skew-sidemenu.css,0,4,14,0,0,6,1,0,0,44,65,9.285714286,0,0,0,0,44,0,0,0,4,0
3d45e03c7d54c07935e5ee0b2e9b2d5f.css,0,384,5231,87,326,955,1,699,67,24,1679,1.756276151,0,611,18,619,24,1,25,0,384,0
3f3ebc1eb72bac63.css,0,215,2728,8,131,1917,1,297,19,66,1579,0.823253389,0,120,133,334,66,39,7,0,215,5
3fc60d38f8844162f614def2adb2dcd2.3ffbb3d5d.min.css,0,2648,13354,39,1607,7510,1,363,125,85,19113,2.544667821,0,76,7,3699,85,1,184,0,2648,81
40fd4b905e40e7e3.css,0,290,1787,34,123,928,1,255,9,43,1830,1.969860065,0,280,3,376,43,6,11,0,290,0
4184.bf0e6f38.css,0,303,1696,0,116,545,1,133,117,15,706,1.293040293,0,92,0,184,15,3,0,0,303,1
3d-skew-sidemenu.css,0,4,14,0,0,6,1,0,0,44,65,9.285714286,0,0,0,0,44,0,0,0,4,0
3d45e03c7d54c07935e5ee0b2e9b2d5f.css,0,384,5231,87,326,955,1,699,67,24,1679,1.756276151,0,611,18,619,24,1,25,0,384,0
3f3ebc1eb72bac63.css,0,215,2728,8,131,1917,1,297,19,66,1579,0.823253389,0,120,133,334,66,39,7,0,215,5
3fc60d38f8844162f614def2adb2dcd2.3ffbb3d5d.min.css,0,2648,13354,39,1607,7510,1,363,125,85,19113,2.544667821,0,76,7,3699,85,1,184,0,2648,81
40fd4b905e40e7e3.css,0,290,1787,34,123,928,1,255,9,43,1830,1.969860065,0,280,3,376,43,6,11,0,290,0
3d-skew-sidemenu.css,0,4,14,0,0,6,1,0,0,44,65,9.285714286,0,0,0,0,44,0,0,0,4,0
3d45e03c7d54c07935e5ee0b2e9b2d5f.css,0,384,5231,87,326,955,1,699,67,24,1679,1.756276151,0,611,18,619,24,1,25,0,384,0
3f3ebc1eb72bac63.css,0,215,2728,8,131,1917,1,297,19,66,1579,0.823253389,0,120,133,334,66,39,7,0,215,5
3fc60d38f8844162f614def2adb2dcd2.3ffbb3d5d.min.css,0,2648,13354,39,1607,7510,1,363,125,85,19113,2.544667821,0,76,7,3699,85,1,184,0,2648,81
