3d-skew-sidemenu.css,0,4,14,0,0,6,1,0,0,44,65,9.285714285714286,0,0,0,0,44,0,0,0,4,0
3d45e03c7d54c07935e5ee0b2e9b2d5f.css,0,384,5231,87,326,955,1,699,67,24,1679,1.756276150627615,0,611,18,619,24,1,25,0,384,0
3f3ebc1eb72bac63.css,0,215,2728,8,131,1917,1,297,19,66,1579,0.8232533889468197,0,120,133,334,66,39,7,0,215,5
3fc60d38f8844162f614def2adb2dcd2.3ffbb3d5d.min.css,0,2648,13354,39,1607,7510,1,363,125,85,19113,2.5446678205298894,0,76,7,3699,85,1,184,0,2648,81
40fd4b905e40e7e3.css,0,290,1787,34,123,928,1,255,9,43,1830,1.969860064585576,0,280,3,376,43,6,11,0,290,0
4184.bf0e6f38.css,0,303,1696,0,116,545,1,133,117,15,706,1.293040293040293,0,92,0,184,15,3,0,0,303,1
4208fa350424159b.css,0,84,667,1,84,572,1,41,2,32,1294,2.2582897033158815,0,7,0,148,32,1,5,0,84,0
43138d6839d5954c.css,0,450,2515,8,275,1427,1,580,4,163,1854,1.2983193277310925,0,236,34,417,163,60,2,0,450,24
43c3afa43a68586c.css,0,311,1747,25,271,1159,1,243,52,45,1897,1.6353448275862068,0,226,2,455,45,22,4,0,311,0
444.css,0,14,104,0,10,40,40,4,3,0,78,1.9024390243902438,4,8,1,4,0,0,0,0,14,0
4477bfc1a89a1473.css,0,1551,25165,1970,1044,7784,1,1814,314,1896,11373,1.4608863198458575,0,1100,271,2966,1896,42,26,0,1551,26
4498845d.css,0,0,6335,0,0,2470,1,0,0,0,1703,0.6891946580331849,0,0,0,0,0,0,0,0,0,0
46f2f16.css,0,2207,17728,349,2349,6845,1,1674,128,335,11474,1.6760151913526147,0,830,112,2260,335,52,135,0,2207,6
470f247120cfb297.css,0,53,1039,14,228,865,1,324,21,4,1032,1.1916859122401848,0,160,19,395,4,17,2,0,53,0
4b15c8f74f845671.css,0,570,1673,58,338,1580,1,251,14,40,2331,1.4743833017077799,0,22,30,327,40,10,10,0,570,0
4b6b27d98e2c26f64ae53c2073ae9be982e055657a26519bbf962a21e0abec29.css,0,3355,29565,64,393,5702,1,2533,91,712,7418,1.3007189198667368,0,1870,11,1575,712,4,22,0,3355,5
4ba48ef9.8cb3d11c.chunk.css,0,1588,14097,175,372,4469,1,1445,94,2095,8232,1.8416107382550335,0,567,28,1191,2095,62,16,0,1588,6
4c-3fc917_ver=2.0&_cf=02242021_3231 (1).css,0,1,333,0,5,209,69,200,9,2,3089,14.709523809523809,0,199,0,173,2,0,0,0,1,0
4c-3fc917_ver=2.0&_cf=02242021_3231.css,0,1,333,0,5,209,69,200,9,2,3089,14.709523809523809,0,199,0,173,2,0,0,0,1,0
4f1cb0d533f57b79.css,0,158,1732,13,34,687,1,73,3,1,710,1.0319767441860466,0,26,44,303,1,2,1,0,158,0
5.css,0,500,2007,13,118,760,1,169,39,597,1087,1.42838370565046,0,145,4,216,597,0,5,0,500,0
500.css,0,0,352,0,86,88,1,0,0,0,440,4.943820224719101,0,0,0,0,0,0,0,0,0,0
502407857.staticassets.min.css,0,2310,41569,219,2824,10888,1,8046,396,2422,13536,1.2430893562310588,0,2603,113,6519,2422,17,36,0,2310,8
5084.69a3ae21.css,0,19,24,0,2,25,1,4,0,15,50,1.9230769230769231,0,1,0,5,15,1,2,0,19,0
50c59f3530027476143cfd4611cfd098353975a6507b348f26c01f04a157b3fb.css,0,191,1716,4,26,494,1,189,4,43,551,1.1131313131313132,0,146,8,112,43,0,0,0,191,0
51-40faf7_ver=2.0 (1).css,0,1,333,0,5,209,69,200,9,2,3089,14.709523809523809,0,199,0,173,2,0,0,0,1,0
51-40faf7_ver=2.0.css,0,1,333,0,5,209,69,200,9,2,3089,14.709523809523809,0,199,0,173,2,0,0,0,1,0
5100efdf755a4414825b286688c602ad.css,0,23,4954,8,649,2862,1,1361,123,166,5386,1.8812434509256024,0,322,1460,845,166,5,4,0,23,11
5261a8b431896d57.css,0,110,2955,17,110,2156,1,57,35,122,1152,0.5340751043115438,0,20,152,793,122,3,4,0,110,38
56850dc7e4d0d9f1.css,0,3922,42235,153,118,31231,1,1952,17,1073,13202,0.4227074795081967,0,20,1513,27639,1073,6,45,0,3922,3
56b5c4ede09f1767.css,0,86,2023,28,53,1511,1,45,8,87,782,0.5171957671957672,0,22,30,500,87,3,3,0,86,10
56f58930beed3331.css,0,705,18202,122,150,11005,1,5622,6,97,1976,0.17953843358168273,0,62,172,7148,97,24,10,0,705,10
572fdf9a3d43c23b.css,0,128,2852,19,109,1862,1,64,17,74,1043,0.559849704777241,0,26,63,682,74,0,19,0,128,7
574b34a9c10831feb8fa.css,0,2069,8093,202,235,2718,1,1675,38,139,5654,2.0794409709452006,0,349,63,669,139,11,12,0,2069,5
58a34cd43376a546.css,0,895,8657,81,194,2741,1,924,59,108,5148,1.8774617067833699,0,314,6,419,108,12,27,0,895,5
5a29371b593f3c36b11c.css,0,134,1930,11,121,650,1,160,1,349,801,1.2304147465437787,0,21,4,245,349,13,1,0,134,0
5bd895ef80d19eb0.css,0,103,713,0,171,643,1,83,0,26,1317,2.0450310559006213,0,5,0,174,26,1,4,0,103,1
5c508cf664eb19ef.css,0,459,4368,19,193,2533,1,601,33,111,2395,0.9451460142067877,0,340,15,1053,111,18,12,0,459,3
5e33ec529ed46c90.css,0,1216,10277,733,149,6203,1,1405,37,135,3663,0.5904255319148937,0,848,407,1646,135,6,48,0,1216,4
5lHH52Au5pPcyf8QhNEWE-MbVu6J6TSgCAgbkPiBd1Gm.css,0,1622,20176,416,2444,17111,1,532,50,158,7894,0.46131369798971483,0,578,177,3210,158,153,37,0,1622,56
6045054f55d6cb66.css,0,458,1793,1,210,1273,1,71,0,6,250,0.19623233908948196,0,0,96,499,6,0,0,0,458,0
