file_number,nesting_depth,num_ids,num_classes,num_important,duplicate_selectors,total_rules,deep_nesting,long_selectors,overqualified_selectors,browser_specific_properties,total_properties,avg_properties_per_rule,inline_styles,unused_selectors,universal_selectors,excessive_specificity,vendor_prefixes,animation_usage,excessive_zindex,unused_media_queries,color_hex_usage,excessive_font_sizes
1,0,813,2609,601,30,1679,1,562,6,154,727,0.43273809523809526,0,42,20,58,154,2,25,0,813,3
2,0,276,6543,16,35,3774,1,110,8,39,761,0.20158940397350994,0,97,103,245,39,0,1,0,276,3
3,0,205,5191,294,93,988,1,289,15,134,1357,1.372093023255814,0,313,681,404,134,0,9,0,205,9
4,0,82,1882,17,23,1320,1,55,4,106,743,0.5624526873580621,0,29,13,511,106,3,9,0,82,6
5,0,9,246,1,9,181,1,12,10,17,325,1.7857142857142858,0,12,7,36,17,0,0,0,9,6
6,0,350,1319,14,136,806,1,190,5,18,1164,1.4423791821561338,0,6,14,123,18,4,5,0,350,0
7,0,1159,1746,167,138,1044,1,212,7,65,2507,2.399043062200957,0,150,5,305,65,26,20,0,1159,6
8,0,76,2507,58,117,1715,1,114,35,66,1072,0.6247086247086248,0,56,108,444,66,4,5,0,76,25
9,0,526,2946,576,181,1595,1,240,30,59,1588,0.9949874686716792,0,42,20,226,59,17,20,0,526,2
10,0,433,4932,176,369,3238,1,278,20,48,2056,0.6347638159925904,0,216,246,1017,48,3,6,0,433,4
11,0,465,4600,1227,192,2509,1,242,40,162,2965,1.1812749003984064,0,88,128,955,162,30,7,0,465,4
12,0,0,10,0,0,5,1,0,1,0,16,2.6666666666666665,0,0,1,0,0,0,0,0,0,0
13,0,273,10191,14,183,1102,1,348,21,642,2177,1.9737080689029918,0,97,10,217,642,36,18,0,273,2
14,0,1,8,2,0,13,1,8,1,1,3,0.21428571428571427,0,2,0,12,1,0,0,0,1,0
15,0,198,3837,458,172,2139,1,414,40,158,1736,0.811214953271028,0,360,326,904,158,6,5,0,198,6
16,0,307,5275,164,1038,3414,1,532,53,343,4895,1.4333821376281113,0,831,52,1617,343,8,27,0,307,1
17,0,161,1296,31,33,596,1,198,5,34,796,1.3333333333333333,0,29,34,86,34,7,17,0,161,0
18,0,281,11176,319,38,2475,1,744,152,77,2759,1.114297253634895,0,655,25,518,77,4,24,0,281,10
19,0,368,4443,2,29,623,1,474,1,34,826,1.3237179487179487,0,347,0,290,34,0,3,0,368,0
20,0,1021,1500,0,121,734,1,293,10,59,1626,2.2122448979591836,0,34,51,193,59,20,4,0,1021,7
21,0,48,891,0,153,321,1,91,3,0,270,0.8385093167701864,32,59,0,167,0,0,0,0,48,0
22,0,403,1398,33,78,705,1,125,13,114,961,1.3611898016997168,0,133,9,264,114,2,13,0,403,6
23,0,403,1398,33,78,705,1,125,13,114,961,1.3611898016997168,0,133,9,264,114,2,13,0,403,6
24,0,115,4250,0,102,734,45,427,3,0,647,0.8802721088435375,51,50,2,597,0,0,0,0,115,0
25,0,290,2142,45,55,917,1,242,26,20,1037,1.1296296296296295,0,149,9,164,20,0,3,0,290,2
26,0,464,1830,1,2,706,1,83,7,21,953,1.347949080622348,0,168,4,116,21,0,9,0,464,11
27,0,2157,9862,305,311,3970,1,1291,446,301,5373,1.353059682699572,0,878,4,1214,301,4,15,0,2157,24
28,0,149,1575,4,11,394,1,142,4,236,1141,2.8886075949367087,0,216,0,224,236,2,8,0,149,0
29,0,64,850,4,63,484,1,80,5,380,1148,2.3670103092783505,0,40,48,95,380,0,1,0,64,6
30,0,528,7151,100,210,1900,1,609,41,102,2004,1.0541820094687007,0,457,136,779,102,5,24,0,528,4
31,0,42,809,7,149,570,1,162,17,8,958,1.6777583187390543,0,3,1,151,8,3,11,0,42,1
32,0,5,69,0,2,84,1,4,6,17,130,1.5294117647058822,0,5,3,0,17,0,0,0,5,4
33,0,79,1345,38,43,690,1,246,0,61,1459,2.1114327062228653,0,36,5,208,61,4,22,0,79,0
34,0,142,790,8,310,844,1,47,6,49,1060,1.2544378698224852,0,16,1,258,49,1,6,0,142,3
35,0,305,1003,0,58,244,244,82,5,0,36,0.1469387755102041,223,14,3,12,0,0,0,0,305,0
36,0,788,6349,20,62,2523,1,548,10,82,2840,1.1251980982567353,0,197,19,664,82,27,8,0,788,3
37,0,755,7656,1778,205,3375,1,446,66,184,3794,1.1238151658767772,2,201,154,1577,184,8,12,0,755,1
38,0,156,4729,24,679,2864,1,86,28,22,1762,0.6150087260034904,0,48,217,1225,22,1,6,0,156,3
39,0,45,1568,133,13,1021,1,88,0,22,390,0.3816046966731898,0,8,19,240,22,1,6,0,45,10
40,0,385,1795,4,98,941,912,36,5,11,1000,1.0615711252653928,0,111,7,65,11,0,13,0,385,141
41,0,466,2587,20,131,1002,1,665,0,44,1788,1.7826520438683948,0,221,0,347,44,3,9,0,466,0
42,0,48,446,4,92,238,1,32,11,11,872,3.6485355648535567,0,24,3,19,11,1,1,0,48,2
43,0,119,1343,19,49,532,1,131,66,274,1077,2.020637898686679,2,71,16,187,274,1,14,0,119,2
44,0,245,4100,105,93,2030,1,181,33,157,1255,0.6179222058099458,0,106,31,516,157,5,5,0,245,7
45,0,4,14,0,0,6,1,0,0,44,65,9.285714285714286,0,0,0,0,44,0,0,0,4,0
46,0,384,5231,87,326,955,1,699,67,24,1679,1.756276150627615,0,611,18,619,24,1,25,0,384,0
47,0,215,2728,8,131,1917,1,297,16,66,1579,0.8232533889468197,0,120,133,334,66,39,7,0,215,5
48,0,290,1787,34,123,928,1,255,9,43,1830,1.969860064585576,0,280,3,376,43,6,11,0,290,0
49,0,303,1696,0,116,545,1,133,117,15,706,1.293040293040293,0,92,0,184,15,3,0,0,303,1
50,0,84,667,1,84,572,1,41,2,32,1294,2.2582897033158815,0,7,0,148,32,1,5,0,84,0
51,0,450,2515,8,275,1427,1,580,3,163,1854,1.2983193277310925,0,236,34,417,163,60,2,0,450,24
52,0,311,1747,25,271,1159,1,243,52,45,1897,1.6353448275862068,0,226,2,455,45,22,4,0,311,0
53,0,14,104,0,10,40,40,4,2,0,78,1.9024390243902438,4,8,1,4,0,0,0,0,14,0
54,0,0,6335,0,0,2470,1,0,0,0,1703,0.6891946580331849,0,0,0,0,0,0,0,0,0,0
55,0,53,1039,14,228,865,1,324,20,4,1032,1.1916859122401848,0,160,19,395,4,17,2,0,53,0
56,0,570,1673,58,338,1580,1,251,11,40,2331,1.4743833017077799,0,22,30,327,40,10,10,0,570,0
57,0,1,333,0,5,209,69,200,4,2,3089,14.709523809523809,0,199,0,173,2,0,0,0,1,0
58,0,1,333,0,5,209,69,200,4,2,3089,14.709523809523809,0,199,0,173,2,0,0,0,1,0
59,0,158,1732,13,34,687,1,73,2,1,710,1.0319767441860466,0,26,44,303,1,2,1,0,158,0
60,0,500,2007,13,118,760,1,169,39,597,1087,1.42838370565046,0,145,4,216,597,0,5,0,500,0
61,0,0,352,0,86,88,1,0,0,0,440,4.943820224719101,0,0,0,0,0,0,0,0,0,0
62,0,19,24,0,2,25,1,4,0,15,50,1.9230769230769231,0,1,0,5,15,1,2,0,19,0
63,0,191,1716,4,26,494,1,189,4,43,551,1.1131313131313132,0,146,8,112,43,0,0,0,191,0
64,0,1,333,0,5,209,69,200,4,2,3089,14.709523809523809,0,199,0,173,2,0,0,0,1,0
65,0,1,333,0,5,209,69,200,4,2,3089,14.709523809523809,0,199,0,173,2,0,0,0,1,0
66,0,110,2955,17,110,2156,1,57,35,122,1152,0.5340751043115438,0,20,152,793,122,3,4,0,110,38
67,0,86,2023,28,53,1511,1,45,8,87,782,0.5171957671957672,0,22,30,500,87,3,3,0,86,10
68,0,128,2852,19,109,1862,1,64,17,74,1043,0.559849704777241,0,26,63,682,74,0,19,0,128,7
69,0,2069,8093,202,235,2718,1,1675,19,139,5654,2.0794409709452006,0,349,63,669,139,11,12,0,2069,5
70,0,895,8657,81,194,2741,1,924,54,108,5148,1.8774617067833699,0,314,6,419,108,12,27,0,895,5
71,0,134,1930,11,121,650,1,160,1,349,801,1.2304147465437787,0,21,4,245,349,13,1,0,134,0
72,0,103,713,0,171,643,1,83,0,26,1317,2.0450310559006213,0,5,0,174,26,1,4,0,103,1
73,0,459,4368,19,193,2533,1,601,33,111,2395,0.9451460142067877,0,340,15,1053,111,18,12,0,459,3
74,0,458,1793,1,210,1273,1,71,0,6,250,0.19623233908948196,0,0,96,499,6,0,0,0,458,0
75,0,239,4021,106,529,2928,1,1258,58,279,6086,2.077842266985319,0,399,83,857,279,27,33,0,239,10
76,0,136,3762,155,92,2720,1,228,12,130,1453,0.5339948548327821,0,57,21,1082,130,9,10,0,136,47
77,0,10698,2866,179,40,1895,1,379,0,52,2104,1.109704641350211,0,3,163,769,52,12,11,0,10698,6
78,0,99,2998,1,125,1350,1,73,0,155,2747,2.0333086602516652,0,140,47,246,155,13,3,0,99,0
79,0,253,1296,0,36,459,1,388,108,1,792,1.7217391304347827,0,27,0,36,1,0,0,0,253,0
80,0,374,6916,75,81,850,1,694,14,401,1017,1.1950646298472385,0,652,0,663,401,1,14,0,374,4
81,0,446,5781,436,610,2421,1,551,24,69,2723,1.1242774566473988,0,278,83,773,69,2,3,0,446,23
82,0,280,1787,24,126,1434,1,55,6,48,3430,2.3902439024390243,0,99,6,342,48,2,7,0,280,3
83,0,83,2894,18,48,2168,1,46,8,35,499,0.2300599354541263,0,18,45,846,35,0,8,0,83,15
84,0,44,1121,1,25,562,1,128,3,21,1115,1.980461811722913,0,56,0,201,21,0,4,0,44,0
85,0,553,2326,86,65,1213,1,320,23,290,1860,1.5321252059308073,0,104,13,126,290,15,10,0,553,1
86,0,213,1135,10,65,513,1,132,44,93,913,1.7762645914396886,1,104,19,143,93,2,11,0,213,0
87,0,146,2894,55,103,1723,1,239,18,142,1296,0.7517401392111369,0,90,232,591,142,1,4,0,146,4
88,0,140,1794,3,32,665,1,142,26,17,1009,1.515015015015015,0,119,10,169,17,4,7,0,140,0
89,0,274,6757,168,159,3602,1,877,11,116,2505,0.6952539550374688,0,130,211,768,116,10,11,0,274,4
90,0,509,4441,875,80,1983,1,230,12,107,1407,0.7091733870967742,0,84,38,898,107,3,9,0,509,6
91,0,158,2240,35,22,1574,1,105,4,63,796,0.5053968253968254,0,11,48,346,63,4,5,0,158,3
92,0,86,1347,0,591,1366,1,217,4,17,1774,1.2977322604242867,0,469,3,942,17,7,0,0,86,19
93,0,46,1917,2,55,1055,1,284,3,6,434,0.4109848484848485,0,64,14,345,6,2,1,0,46,2
94,0,0,826,2,105,582,1,123,0,240,918,1.5746140651801028,0,45,18,273,240,0,0,0,0,0
95,0,47,3013,58,239,1318,1,676,18,165,1958,1.4844579226686885,0,116,124,433,165,10,1,0,47,0
96,0,19,24,0,2,25,1,4,0,15,50,1.9230769230769231,0,1,0,5,15,1,2,0,19,0
97,0,1085,88,0,1,36,1,4,3,18,1259,34.027027027027025,0,4,0,0,18,0,0,0,1085,3
98,0,60,1756,32,67,1067,1,169,45,86,1741,1.6301498127340823,0,46,48,117,86,10,2,0,60,0
99,0,122,2056,140,84,1406,1,75,18,98,928,0.6595593461265103,0,59,37,394,98,3,7,0,122,8
100,0,167,1069,0,82,544,1,235,39,17,655,1.201834862385321,0,19,1,143,17,1,0,0,167,0
101,0,201,1941,12,139,502,1,200,7,81,943,1.874751491053678,0,222,33,262,81,13,2,0,201,12
102,0,97,1266,0,26,853,1,74,3,34,569,0.6662763466042154,0,7,101,59,34,12,1,0,97,3
103,0,964,5302,78,214,2086,1,304,31,531,2980,1.4278869190225203,0,296,277,592,531,2,34,0,964,13
104,0,273,2224,73,148,1725,1,104,8,65,1176,0.6813441483198146,0,89,38,432,65,15,6,0,273,7
105,0,191,2136,4,28,508,1,207,5,45,559,1.0982318271119842,0,161,8,160,45,0,0,0,191,0
106,0,880,2427,39,121,1171,1,411,23,46,2183,1.8626279863481228,0,92,2,189,46,1,11,0,880,1
107,0,465,4851,68,233,2630,1,699,24,58,2121,0.806157354618016,0,137,78,1204,58,13,4,0,465,0
108,0,955,5702,251,210,3126,1,623,95,438,4322,1.3821554205308602,0,256,53,614,438,5,28,0,955,3
109,0,116,6699,95,257,1821,1,685,31,276,2699,1.4813391877058177,0,607,45,714,276,7,14,0,116,10
110,0,457,2095,60,129,1264,1,113,9,38,1545,1.2213438735177866,0,110,4,280,38,14,17,0,457,0
111,0,79,2004,55,46,1224,1,282,32,112,1974,1.6114285714285714,0,75,24,129,112,6,28,0,79,2
112,0,207,1632,5,72,879,1,228,4,486,1457,1.6556818181818183,0,85,10,233,486,1,3,0,207,5
113,0,265,2220,15,55,1812,1,121,7,47,910,0.5019305019305019,0,23,31,473,47,2,5,0,265,20
114,0,236,3426,26,31,893,1,519,21,21,820,0.9172259507829977,0,159,118,186,21,6,8,0,236,1
115,0,197,3382,59,69,845,1,587,1,40,1240,1.4657210401891252,0,134,13,275,40,5,4,0,197,0
116,0,79,1462,0,0,126,1,120,0,114,404,3.1811023622047245,0,52,0,39,114,0,0,0,79,0
117,0,2,84,0,0,30,1,25,0,23,61,1.967741935483871,0,0,1,0,23,0,0,0,2,0
118,0,240,4607,173,83,2660,1,347,24,82,2186,0.8214956783164225,0,182,58,406,82,16,16,0,240,12
119,0,228,1213,0,211,793,1,307,5,143,1407,1.7720403022670026,2,66,72,194,143,0,6,0,228,0
120,0,247,1839,83,57,852,1,147,21,85,1444,1.6928487690504104,0,102,17,162,85,1,12,0,247,3
121,0,271,2668,2,566,962,949,344,16,39,772,0.8016614745586709,38,96,0,65,39,0,1,0,271,0
122,0,42,4514,760,203,2374,1,545,80,190,3589,1.511157894736842,0,292,20,746,190,10,15,0,42,22
123,0,326,2609,24,404,1543,1,162,30,293,2314,1.4987046632124352,0,162,13,595,293,19,10,0,326,6
124,0,106,1223,188,25,740,1,103,10,25,655,0.8839406207827261,0,25,5,350,25,4,9,0,106,0
125,0,145,3194,0,2,182,95,90,2,0,344,1.8797814207650274,11,65,2,93,0,0,0,0,145,0
126,0,7,161,0,11,115,1,2,1,4,199,1.7155172413793103,0,1,5,53,4,2,4,0,7,2
127,0,11,1,0,4,10,1,0,2,0,24,2.1818181818181817,0,0,0,0,0,0,0,0,11,0
128,0,548,959,0,60,405,1,256,0,9,440,1.083743842364532,0,191,8,128,9,0,0,0,548,0
129,0,548,959,0,60,405,1,256,0,9,440,1.083743842364532,0,191,8,128,9,0,0,0,548,0
130,0,762,1094,2,118,489,1,239,2,162,698,1.4244897959183673,0,113,21,211,162,0,2,0,762,0
131,0,762,1094,2,118,489,1,239,2,162,698,1.4244897959183673,0,113,21,211,162,0,2,0,762,0
132,0,7,13,0,0,7,1,1,0,16,55,6.875,0,2,0,2,16,0,0,0,7,0
133,0,1226,6968,127,212,3002,1,510,127,359,2873,0.9567099567099567,0,399,30,654,359,1,22,0,1226,22
134,0,471,1397,17,23,694,1,89,9,306,1176,1.6920863309352518,0,120,159,296,306,0,20,0,471,1
135,0,36,5006,0,52,104,1,18,2,0,1353,12.885714285714286,274,18,0,38,0,0,0,0,36,0
136,0,134,1174,5,30,767,1,179,8,29,1387,1.8059895833333333,0,39,9,170,29,2,4,0,134,0
137,0,324,4905,148,46,1201,1,520,7,110,1974,1.642262895174709,0,353,23,301,110,14,7,0,324,3
138,0,707,2773,136,1182,2191,1,290,25,338,1850,0.843978102189781,0,660,25,1277,338,3,3,0,707,1
139,0,276,1363,6,75,634,1,184,10,82,866,1.3637795275590552,0,62,1,137,82,0,0,0,276,4
140,0,10,29,0,2,28,1,0,0,0,74,2.5517241379310347,0,0,0,4,0,2,2,0,10,0
141,0,178,1266,39,108,866,1,58,9,32,1365,1.57439446366782,0,43,7,263,32,1,4,0,178,2
142,0,1982,6961,191,113,1805,1,433,63,239,2481,1.3737541528239203,0,505,144,904,239,1,25,0,1982,11
143,0,500,3561,62,74,1180,1,266,6,793,3241,2.7442845046570703,0,278,41,398,793,0,12,0,500,6
144,0,411,3318,43,60,1069,1,169,6,745,2946,2.7532710280373833,0,266,43,384,745,0,9,0,411,5
145,0,300,3508,28,42,895,1,196,7,597,2468,2.7544642857142856,0,272,43,357,597,0,9,0,300,5
146,0,417,3345,44,60,1079,1,169,6,755,2986,2.7648148148148146,0,264,43,385,755,0,10,0,417,5
147,0,1034,5523,73,160,1889,1,390,8,833,3917,2.0724867724867724,0,532,48,718,833,0,15,0,1034,6
148,0,960,5114,67,143,1734,1,374,8,798,3616,2.084149855907781,0,511,48,687,798,0,15,0,960,6
149,0,25,63,0,1,55,1,0,1,0,132,2.357142857142857,0,0,1,0,0,0,1,0,25,0
150,0,13,6224,0,6,4214,1,10,1,24,90,0.021352313167259787,0,5,0,5,24,1,0,0,13,0
151,0,8,1614,0,4,1509,1,5,1,22,74,0.04900662251655629,0,4,0,5,22,1,0,0,8,0
152,0,380,1697,35,31,831,1,161,10,17,1746,2.0985576923076925,0,130,3,165,17,6,14,0,380,2
153,0,2,2710,0,41,2012,1,297,1,109,220,0.1092896174863388,0,25,1,49,109,7,0,0,2,0
154,0,2,2710,0,41,2012,1,297,1,109,220,0.1092896174863388,0,25,1,49,109,7,0,0,2,0
155,0,2,2710,0,41,2012,1,297,1,109,220,0.1092896174863388,0,25,1,49,109,7,0,0,2,0
156,0,8,6204,0,6,4207,1,9,1,19,86,0.02043726235741445,0,5,0,5,19,1,0,0,8,0
157,0,3,5046,0,35,4766,1,126,1,117,226,0.0474092720788756,0,5,2,50,117,7,0,0,3,0
158,0,2,2676,0,17,1985,1,298,1,2,118,0.059415911379657606,0,25,1,25,2,7,0,0,2,0
159,0,580,3053,55,306,1717,1,180,8,467,3117,1.8143189755529685,0,340,10,609,467,5,18,0,580,3
160,0,308,1448,27,6,709,1,79,2,112,1361,1.9169014084507043,0,117,4,141,112,0,9,0,308,1
161,0,2,2690,0,41,1992,1,297,1,109,220,0.11038635223281486,0,25,1,49,109,7,0,0,2,0
162,0,2,2701,0,41,2004,1,296,1,109,220,0.10972568578553615,0,25,1,49,109,7,0,0,2,0
163,0,322,4928,200,542,2163,1,339,12,1991,3312,1.5304990757855823,0,202,32,993,1991,5,20,0,322,3
164,0,314,1406,5,11,719,1,61,10,1,709,0.9847222222222223,0,58,0,31,1,1,4,0,314,0
165,0,624,7825,243,74,1976,1,778,13,157,2305,1.1659079413252402,0,486,5,372,157,5,7,0,624,3
166,0,624,7794,243,72,1978,1,775,13,157,2298,1.1611925214754926,0,487,5,371,157,5,7,0,624,3
167,0,624,7824,243,77,1983,1,775,13,157,2311,1.1648185483870968,0,487,5,371,157,5,7,0,624,3
168,0,624,7824,243,77,1983,1,775,13,157,2311,1.1648185483870968,0,487,5,371,157,5,7,0,624,3
169,0,0,871,14,412,709,1,2,0,711,971,1.3676056338028169,0,19,0,463,711,78,0,1,0,0
170,0,0,233,12,368,624,1,1,0,846,1088,1.7408,0,8,0,394,846,76,0,0,0,0
171,0,0,871,12,412,709,1,2,0,710,969,1.3647887323943662,0,19,0,463,710,78,0,0,0,0
172,0,0,9,0,20,40,1,0,0,19,18,0.43902439024390244,0,0,0,28,19,5,0,0,0,0
173,0,0,1101,14,514,871,1,2,0,835,1149,1.3176605504587156,0,22,31,564,835,97,0,0,0,0
174,0,0,7,0,6,23,1,1,0,0,24,1.0,0,1,0,12,0,4,0,0,0,0
175,0,0,5,0,0,5,1,0,0,0,14,2.3333333333333335,0,0,0,2,0,1,0,0,0,0
176,0,48,1101,0,233,805,1,138,6,494,1707,2.1178660049627793,0,20,41,245,494,22,0,0,48,0
177,0,1024,11760,938,645,4190,1,816,42,143,2677,0.6387497017418278,0,466,26,1395,143,9,26,0,1024,8
178,0,9,6,0,0,14,1,0,1,0,24,1.6,0,0,0,0,0,0,0,0,9,0
179,0,358,682,46,8,455,1,96,14,31,463,1.0153508771929824,1,91,17,191,31,0,8,0,358,1
180,0,648,2840,16,31,1954,1,464,12,136,849,0.43427109974424555,0,75,285,540,136,2,4,0,648,6
181,0,939,6060,11,858,3334,1,275,4,1918,7047,2.1130434782608694,0,44,19,834,1918,5,9,0,939,20
182,0,516,9007,1619,147,5801,1,265,42,107,3302,0.5691140985866943,0,117,136,1424,107,12,15,0,516,0
183,0,814,2134,20,48,1669,1,68,9,95,1052,0.629940119760479,0,61,83,301,95,2,6,0,814,3
184,0,537,8738,4831,1271,4951,1,306,38,78,3395,0.6855815831987075,0,263,141,2825,78,4,11,0,537,7
185,0,54,1353,9,16,970,1,25,7,61,600,0.6179196704428425,0,7,28,211,61,1,3,0,54,3
186,0,932,5058,4,559,2665,1,601,14,95,4554,1.7081770442610653,0,31,15,638,95,12,27,0,932,1
187,0,334,857,32,108,481,1,31,20,17,1143,2.371369294605809,0,23,5,150,17,1,8,0,334,2
188,0,90,2287,195,162,1262,1,138,23,53,1817,1.4386381631037213,0,74,80,273,53,3,5,0,90,3
189,0,158,3471,1,479,1552,1,30,5,53,1738,1.1191242755956214,0,66,13,312,53,7,3,0,158,1
190,0,1288,6887,12,478,3254,1,1065,25,1072,4979,1.529646697388633,0,329,9,513,1072,10,11,0,1288,3
191,0,561,5004,2427,73,3007,1,150,23,222,2502,0.831781914893617,0,54,92,1740,222,2,15,0,561,0
192,0,332,5791,147,657,3182,1,616,2,56,3431,1.077913917687716,0,433,16,1463,56,3,10,0,332,12
193,0,3524,10372,15,28,1509,1,1211,1338,5,1620,1.0728476821192052,0,5,0,47,5,2,8,0,3524,0
194,0,56,460,22,5,287,1,23,43,47,436,1.5138888888888888,0,48,4,70,47,0,2,0,56,3
195,0,283,2283,14,106,1360,1,100,68,292,2012,1.4783247612049963,0,51,49,238,292,7,23,0,283,3
196,0,277,2282,14,106,1359,1,100,67,292,2007,1.4757352941176471,0,51,49,238,292,7,23,0,277,3
197,0,86,1444,1,12,947,1,188,11,42,608,0.6413502109704642,0,174,177,343,42,2,4,0,86,4
198,0,1254,7613,1377,78,2657,1,696,34,193,2536,0.9541008276899925,0,331,16,472,193,10,3,0,1254,13
199,0,69,1911,54,50,1214,1,167,16,42,964,0.7934156378600823,0,155,145,462,42,1,8,0,69,3
200,0,361,10716,209,201,5484,1,241,41,134,1731,0.31558796718322696,0,128,54,382,134,9,5,0,361,3
201,0,859,2167,80,169,1204,1,215,10,177,2151,1.7850622406639005,0,126,60,271,177,8,8,0,859,0
202,0,686,8713,119,977,4122,1,608,117,1232,4455,1.080523890371089,0,785,43,1989,1232,112,24,0,686,5
203,0,1329,11032,302,137,2660,1,879,9,34,3686,1.3851935362645622,0,732,17,1152,34,3,25,0,1329,5
204,0,55,2402,30,1,39,3,20,5,2,657,16.425,45,19,0,25,2,0,0,0,55,0
205,0,5,696,0,0,109,109,109,25,0,7,0.06363636363636363,0,109,0,109,0,0,0,0,5,0
206,0,95,1278,29,65,568,1,166,2,39,994,1.7469244288224957,0,71,3,144,39,1,5,0,95,3
207,0,383,4294,89,1091,2191,1,413,67,206,1666,0.760036496350365,0,246,115,335,206,7,19,0,383,4
208,0,2111,10177,211,407,2191,1,1048,214,245,2530,1.1541970802919708,0,905,3,1324,245,2,17,0,2111,0
209,0,178,3068,24,69,2096,1,118,30,71,1391,0.6633285646161182,0,34,70,627,71,3,8,0,178,4
210,0,2710,4918,89,1152,1889,1,488,28,584,2991,1.5825396825396825,0,577,1,887,584,0,25,0,2710,4
211,0,281,2087,22,13,1021,1,226,6,246,2212,2.164383561643836,0,86,22,47,246,0,1,0,281,0
212,0,9,57,0,0,39,1,1,0,0,72,1.8,0,2,0,16,0,1,0,0,9,0
213,0,402,3563,92,605,2111,1,383,125,889,3370,1.5956439393939394,0,151,14,629,889,4,22,0,402,26
214,0,646,1288,50,17,614,1,91,12,35,1047,1.7024390243902439,0,132,0,212,35,0,0,0,646,29
215,0,333,1960,34,10,263,1,204,42,67,342,1.2954545454545454,4,175,1,162,67,2,4,0,333,0
216,0,519,17602,16,118,1343,1,632,10,138,1718,1.2782738095238095,0,483,5,486,138,7,9,0,519,0
217,0,641,9623,71,495,3572,1,1001,8,244,1851,0.5180520570948782,0,390,9,1063,244,2,22,0,641,9
218,0,275,3486,84,37,947,1,514,23,19,848,0.8945147679324894,0,154,120,179,19,5,8,0,275,1
219,0,835,2436,38,20,1589,1,116,9,10,2709,1.7037735849056603,0,183,0,121,10,1,4,0,835,3
220,0,99,916,24,53,860,1,41,6,221,685,0.7955865272938444,0,8,16,128,221,10,5,0,99,6
221,0,319,7659,16,1,213,1,113,52,8,331,1.5467289719626167,0,122,1,136,8,0,6,0,319,0
222,0,735,6267,139,119,2252,1,739,65,166,2373,1.0532623169107855,0,456,11,657,166,2,17,0,735,13
223,0,586,2359,132,115,1366,1,559,5,94,2914,2.131675201170446,0,136,5,244,94,17,34,0,586,1
224,0,328,1554,6,48,757,1,321,3,57,1190,1.5699208443271768,0,73,1,54,57,8,27,0,328,0
225,0,29,9326,5,30,191,1,103,0,24,259,1.3489583333333333,0,23,1,60,24,3,2,0,29,0
226,0,519,363,0,0,149,1,36,1,13,133,0.8866666666666667,0,64,3,62,13,0,3,0,519,0
227,0,582,5691,10,67,1785,1,236,4,275,5478,3.0671892497200446,0,376,0,1588,275,9,40,0,582,5
228,0,525,1901,32,34,942,1,149,21,40,915,0.9703075291622482,0,147,2,930,40,0,4,0,525,50
229,0,241,852,6,60,435,1,95,53,30,992,2.2752293577981653,0,70,14,130,30,5,4,0,241,0
230,0,193,2880,77,285,1246,1,322,11,1128,2249,1.8035284683239776,0,396,9,758,1128,1,4,0,193,7
231,0,988,5763,1707,274,4148,1,257,42,86,3961,0.9546878765967703,0,372,77,1755,86,4,13,0,988,37
232,0,9,1425,23,52,586,1,116,9,22,786,1.3390119250425894,0,121,74,219,22,4,2,0,9,0
233,0,447,1009,86,19,558,1,81,9,11,706,1.262969588550984,0,143,39,177,11,0,1,0,447,7
234,0,341,2487,32,732,1700,1,375,9,361,2602,1.5296884185773074,0,578,1,1017,361,3,13,0,341,18
235,0,364,10531,11,1062,3345,1,1484,522,933,3921,1.1718469814704124,0,954,215,1508,933,3,11,0,364,22
236,0,565,8617,827,110,5550,1,637,20,476,2321,0.41812286074581156,9,142,24,705,476,11,9,0,565,13
237,0,277,5381,39,533,1795,1,487,224,1563,3400,1.8930957683741647,0,330,4,1017,1563,79,14,1,277,5
238,0,594,1982,219,5,1036,1,118,22,69,1323,1.2757955641272902,0,100,1,81,69,0,1,0,594,4
239,0,158,2146,0,3,540,1,24,1,20,1177,2.175600739371534,0,15,2,6,20,1,0,0,158,0
240,0,150,355,3,0,228,1,0,1,15,1665,7.270742358078603,0,5,0,5,15,0,9,0,150,10
241,0,325,8278,197,148,1713,1,351,172,51,1003,0.5851808634772462,0,203,876,539,51,20,15,0,325,1
242,0,0,0,0,0,0,0,0,0,0,0,0.0,0,0,0,0,0,0,0,0,0,0
243,0,0,26,0,0,0,0,0,0,0,26,26.0,0,0,0,0,0,0,0,0,0,0
244,0,2,17,0,0,10,1,0,0,1,48,4.363636363636363,0,0,0,0,1,0,0,0,2,0
245,0,691,3706,117,41,1462,1,121,17,32,2332,1.593984962406015,0,263,11,340,32,2,29,0,691,2
246,0,96,48,0,0,30,1,1,2,47,135,4.354838709677419,0,0,0,0,47,0,0,0,96,0
247,0,3,21,0,0,14,1,1,0,0,35,2.3333333333333335,0,2,0,2,0,0,0,0,3,0
248,0,1,25,0,0,12,1,0,0,0,37,2.8461538461538463,0,0,0,0,0,0,3,0,1,0
249,0,7,98,1,12,39,1,30,0,4,76,1.9,0,20,0,32,4,0,0,0,7,0
250,0,574,4036,66,82,1514,1,300,60,137,1281,0.8455445544554455,0,218,6,386,137,1,9,0,574,12
251,0,533,4036,66,83,1515,1,300,60,137,1289,0.850263852242744,0,219,6,386,137,1,9,0,533,12
252,0,649,5207,1031,88,2114,1,314,25,608,2095,0.9905437352245863,0,113,35,937,608,3,9,0,649,13
253,0,649,5265,1042,82,2121,1,314,25,624,2123,1.0004712535344016,0,115,37,938,624,3,9,0,649,13
254,0,424,5020,1715,105,2676,1,223,38,209,2981,1.1135599551737019,0,80,132,1379,209,5,15,0,424,0
255,0,0,1959,2,0,1955,1,1,2,2,11,0.005623721881390593,0,1,1,0,2,0,0,0,0,0
256,0,133,1750,28,128,1057,1,191,11,24,1497,1.4149338374291116,0,91,55,211,24,10,9,0,133,0
257,0,623,5476,1208,96,2285,1,310,25,645,2118,0.926509186351706,0,107,10,1097,645,3,9,0,623,13
258,0,718,6554,1602,240,3111,1,250,42,69,3224,1.0359897172236503,0,111,138,1606,69,5,16,0,718,1
259,0,533,4021,66,82,1516,1,311,60,135,1296,0.8543177323665129,0,219,8,386,135,1,8,0,533,12
260,0,424,3204,107,107,1178,1,266,48,101,1076,0.9126378286683631,0,180,7,376,101,1,10,0,424,11
261,0,531,3998,65,81,1516,1,301,60,75,1236,0.8147659854976929,0,219,10,387,75,1,9,0,531,12
262,0,156,2121,5,14,1223,1,731,2,208,3505,2.863562091503268,0,13,13,47,208,5,1,0,156,0
263,0,649,5207,1031,88,2114,1,314,25,608,2095,0.9905437352245863,0,113,35,937,608,3,9,0,649,13
264,0,649,5207,1031,88,2114,1,314,25,608,2095,0.9905437352245863,0,113,35,937,608,3,9,0,649,13
265,0,649,5207,1031,88,2114,1,314,25,608,2095,0.9905437352245863,0,113,35,937,608,3,9,0,649,13
266,0,649,5207,1031,88,2114,1,314,25,608,2095,0.9905437352245863,0,113,35,937,608,3,9,0,649,13
267,0,649,5207,1031,88,2114,1,314,25,608,2095,0.9905437352245863,0,113,35,937,608,3,9,0,649,13
268,0,497,3720,67,75,1247,1,295,60,135,1292,1.0352564102564104,0,208,11,375,135,1,9,0,497,11
269,0,532,4017,66,76,1510,1,294,60,147,1309,0.8663136995367307,0,219,7,386,147,1,9,0,532,12
270,0,446,4509,1217,45,1808,1,229,7,907,1775,0.9812050856826976,0,93,4,920,907,0,4,0,446,2
271,0,609,5167,1292,93,2462,1,250,26,127,1994,0.8095818107998376,0,99,63,1244,127,5,21,0,609,0
272,0,532,4017,66,76,1510,1,294,60,147,1309,0.8663136995367307,0,219,7,386,147,1,9,0,532,12
273,0,533,4036,66,83,1515,1,300,60,137,1289,0.850263852242744,0,219,6,386,137,1,9,0,533,12
274,0,422,5092,1661,130,2702,1,220,38,209,2979,1.1021087680355162,0,81,131,1380,209,5,15,0,422,0
275,0,521,3685,1063,55,1734,1,249,13,475,1771,1.0207492795389048,0,102,10,761,475,1,9,0,521,12
276,0,612,5019,1279,89,2397,1,243,20,108,1800,0.7506255212677231,0,93,65,1218,108,3,14,0,612,0
277,0,619,5008,1026,82,2045,1,313,24,569,1952,0.9540566959921799,0,139,12,904,569,3,9,0,619,13
278,0,533,4036,66,83,1515,1,300,60,137,1289,0.850263852242744,0,219,6,386,137,1,9,0,533,12
279,0,365,2800,56,107,1145,1,191,8,149,1146,1.0,0,140,6,345,149,2,8,0,365,10
280,0,425,5048,1713,105,2675,1,222,38,209,2986,1.1158445440956652,0,81,132,1380,209,5,15,0,425,0
281,0,623,5091,1031,84,2076,1,305,25,571,2013,0.9691863264323544,0,107,10,900,571,3,9,0,623,13
282,0,555,4770,1364,129,2465,1,225,31,113,2615,1.0604217356042174,0,75,115,1285,113,5,15,0,555,0
283,0,231,5543,35,458,2524,1,408,8,1017,2684,1.062970297029703,0,235,3,638,1017,91,16,0,231,3
284,0,1216,9505,286,253,2398,1,604,78,111,1609,0.6706961233847436,0,609,3,1079,111,2,7,0,1216,2
285,1,309,8468,67,102,5953,1,424,36,137,1777,0.29845482028888143,0,154,59,320,137,10,5,0,309,6
286,0,732,5150,242,169,1895,1,638,34,68,3561,1.8781645569620253,0,381,20,353,68,21,31,0,732,3
287,0,4061,9959,294,94,3073,1,1225,391,414,3944,1.2830188679245282,0,880,409,1062,414,9,7,0,4061,3
288,0,682,4572,1171,307,2406,1,212,158,62,2008,0.8342334856668051,0,140,80,1121,62,5,29,0,682,1
289,0,280,18287,2,20,886,1,77,5,1030,2780,3.1341600901916573,9,10,0,31,1030,5,0,0,280,3
290,0,288,1109,61,35,690,1,41,10,115,755,1.0926193921852387,0,46,4,202,115,1,0,0,288,9
291,0,0,13,0,0,7,1,0,0,0,30,3.75,0,0,0,0,0,0,0,0,0,0
292,0,7,18,0,0,14,1,2,1,0,75,5.0,0,0,1,0,0,0,0,0,7,0
293,0,84,108,0,4,33,1,25,0,58,294,8.647058823529411,0,5,2,16,58,0,0,0,84,0
294,0,80,233,0,4,30,1,19,3,64,290,9.35483870967742,0,7,1,17,64,0,0,0,80,0
295,0,88,198,6,9,70,1,47,0,158,462,6.507042253521127,0,8,7,35,158,0,0,0,88,0
296,0,90,168,0,3,58,1,46,0,97,332,5.627118644067797,0,5,1,15,97,0,0,0,90,0
297,0,402,2426,83,143,1042,1,183,24,55,1342,1.2866730584851391,0,180,21,294,55,1,7,0,402,10
298,0,289,5860,3,63,3969,1,682,136,165,2001,0.5040302267002519,0,429,591,2187,165,10,7,0,289,13
299,0,143,2508,118,37,1502,1,189,12,102,1002,0.6666666666666666,0,81,145,275,102,6,10,0,143,5
300,0,467,3825,24,311,2263,1,624,1036,398,1776,0.784452296819788,0,137,1053,1278,398,7,12,0,467,1
301,0,17,46,0,0,26,1,1,0,0,83,3.074074074074074,0,2,0,1,0,0,0,0,17,0
302,0,595,8362,351,444,2599,1,782,23,94,2334,0.8976923076923077,0,482,42,1257,94,18,21,0,595,28
303,0,6,1005,141,347,1010,1,86,0,1131,3367,3.330365974282888,0,34,1,367,1131,74,10,0,6,3
304,0,257,915,3,62,447,1,111,7,15,1683,3.7566964285714284,0,22,2,71,15,22,2,0,257,1
305,0,257,915,3,62,447,1,111,7,15,1683,3.7566964285714284,0,22,2,71,15,22,2,0,257,1
306,0,10,38,0,1,28,1,0,0,0,99,3.413793103448276,0,0,0,0,0,0,0,0,10,0
307,0,26,29,0,0,17,1,0,0,0,80,4.444444444444445,0,0,0,0,0,0,0,0,26,0
308,0,307,6928,694,116,1900,1,814,195,140,3234,1.7012098895318253,0,471,16,635,140,41,43,0,307,32
309,0,53,2331,6,315,1643,1,731,90,123,2213,1.3461070559610706,0,108,16,562,123,7,1,0,53,14
310,0,6,1987,1,147,626,1,241,0,14,688,1.0972886762360448,0,233,0,374,14,0,0,0,6,3
311,0,105,3104,0,140,1236,1,399,4,66,2154,1.7413096200485045,0,52,0,1211,66,2,11,0,105,2
312,0,158,6002,186,684,5422,1,168,33,106,1461,0.2694080767103079,0,25,16,1331,106,5,8,0,158,52
313,0,0,23,0,0,32,1,1,0,0,107,3.242424242424242,0,1,0,0,0,0,0,0,0,0
314,0,9,20,0,0,23,1,0,0,1,57,2.375,0,0,0,0,1,0,0,0,9,0
315,0,4,146,0,0,44,1,21,0,0,157,3.488888888888889,0,5,0,3,0,0,1,0,4,0
316,0,0,129,6,0,17,1,13,0,0,32,1.7777777777777777,0,10,0,2,0,0,0,0,0,0
317,0,266,329,6,14,842,1,545,8,12,1196,1.4187425860023726,0,214,148,175,12,2,10,0,266,2
318,0,445,3702,52,59,1413,1,669,9,1566,4723,3.34016973125884,0,319,2,346,1566,11,12,0,445,5
319,0,1198,10135,33,223,3849,1,975,40,991,5370,1.3948051948051947,0,321,169,824,991,40,12,0,1198,6
320,0,59,1162,23,488,948,1,29,0,781,1217,1.2824025289778715,0,21,0,554,781,88,3,0,59,0
321,0,611,5562,1160,82,2129,1,329,25,1144,2557,1.2004694835680751,0,118,37,957,1144,3,8,0,611,9
322,0,19,17,0,0,24,1,0,1,0,56,2.24,0,0,0,1,0,0,0,0,19,1
323,-2,1201,2749,280,40,1252,1,171,87,367,2460,1.963288108539505,0,220,12,164,367,0,15,0,1201,6
324,0,16,22,0,0,23,1,0,0,0,25,1.0416666666666667,0,0,0,0,0,0,0,0,16,0
325,0,1027,3493,15,1115,3219,1,484,48,32,3604,1.119254658385093,0,165,39,1121,32,11,3,0,1027,19
326,0,17,48,3,0,50,1,1,2,4,23,0.45098039215686275,0,1,0,9,4,0,0,0,17,0
327,0,1760,2786,13,68,804,323,713,96,3,2532,3.1453416149068323,38,689,3,675,3,0,2,0,1760,0
328,0,1760,2786,13,68,804,323,713,96,3,2532,3.1453416149068323,38,689,3,675,3,0,2,0,1760,0
329,0,1760,2786,13,68,804,323,713,96,3,2532,3.1453416149068323,38,689,3,675,3,0,2,0,1760,0
330,0,1760,2786,13,68,804,323,713,96,3,2532,3.1453416149068323,38,689,3,675,3,0,2,0,1760,0
331,0,811,13004,240,639,3193,1,1114,4,1240,5779,1.8093299937382592,0,545,632,1650,1240,23,36,0,811,5
332,0,871,12829,1298,184,4328,1,1528,714,587,4162,0.9614229614229615,0,277,15,1780,587,4,11,0,871,25
333,0,5,4629,8,0,1069,1,1020,0,2,1022,0.9551401869158879,0,0,0,680,2,1,2,0,5,0
334,0,696,8917,322,385,2446,3,604,39,146,3179,1.2991418062934206,0,432,294,724,146,6,16,0,696,3
335,0,14,4983,8,13,1182,1,1071,0,4,1158,0.9788672865595942,0,31,2,713,4,1,3,0,14,0
336,0,5,4626,8,0,1064,1,1020,0,2,1032,0.9690140845070423,0,0,0,680,2,1,2,0,5,0
337,0,5,4633,8,1,1064,1,1022,0,2,1023,0.9605633802816902,0,1,0,681,2,1,2,0,5,0
338,0,5,6142,10,0,1401,1,1359,0,2,1337,0.9536376604850214,0,0,0,1019,2,1,2,0,5,0
339,0,5,4626,8,0,1064,1,1020,0,2,1032,0.9690140845070423,0,0,0,680,2,1,2,0,5,0
340,0,5,4639,8,12,1075,1,1020,0,4,1050,0.9758364312267658,0,0,0,680,4,1,2,0,5,0
341,0,278,3729,19,173,847,1,300,24,512,1696,2.0,0,262,0,325,512,0,3,0,278,0
342,0,1760,2786,13,68,804,323,713,96,3,2532,3.1453416149068323,38,689,3,675,3,0,2,0,1760,0
343,0,108,7829,0,3,97,4,40,6,0,270,2.7551020408163267,64,32,0,87,0,0,0,0,108,0
344,0,213,2849,0,130,1117,1,327,205,2,1441,1.2889087656529516,1,115,37,90,2,0,0,0,213,0
345,0,5,6941,2,27,1470,1,1358,0,1260,2030,1.380013596193066,0,8,0,1379,1260,1,2,0,5,0
346,0,47,2406,345,265,1882,1,202,63,38,2385,1.2665958576739247,0,111,57,718,38,7,2,0,47,1
347,0,245,2528,132,433,1875,1,148,9,86,1304,0.6950959488272921,0,107,20,535,86,4,11,0,245,24
348,0,116,1037,4,80,224,43,95,47,0,773,3.4355555555555557,103,86,7,151,0,0,1,0,116,0
349,0,0,4576,8,0,1026,1,1018,0,0,949,0.9240506329113924,0,0,0,678,0,0,0,0,0,0
350,0,0,2663,7,0,484,1,477,0,477,959,1.977319587628866,0,0,0,318,477,0,0,0,0,0
351,0,427,7438,44,625,2866,1,995,248,1486,4526,1.5786536449250088,4,473,21,1174,1486,25,19,0,427,8
352,0,281,2924,186,85,1210,1,450,35,323,2035,1.680429397192403,0,205,5,402,323,1,12,0,281,1
353,0,1760,2786,13,68,804,323,713,96,3,2532,3.1453416149068323,38,689,3,675,3,0,2,0,1760,0
354,0,1760,2786,13,68,804,323,713,96,3,2532,3.1453416149068323,38,689,3,675,3,0,2,0,1760,0
355,0,1760,2786,13,68,804,323,713,96,3,2532,3.1453416149068323,38,689,3,675,3,0,2,0,1760,0
356,0,350,5148,68,285,2310,1,720,67,750,4043,1.749459108610991,0,490,22,931,750,9,12,0,350,5
357,0,61,3847,16,143,1159,1,407,7,944,2350,2.0258620689655173,0,160,37,298,944,1,3,0,61,1
358,0,1760,2786,13,68,804,323,713,96,3,2532,3.1453416149068323,38,689,3,675,3,0,2,0,1760,0
359,0,1760,2786,13,68,804,323,713,96,3,2532,3.1453416149068323,38,689,3,675,3,0,2,0,1760,0
360,0,1246,3101,21,566,1437,1,1003,6,641,1391,0.9673157162726008,0,310,0,655,641,6,12,0,1246,0
361,0,22,122,0,3,75,1,0,2,0,188,2.473684210526316,0,7,0,17,0,0,0,0,22,0
362,0,31,640,0,120,199,81,126,3,0,2368,11.84,2,52,0,55,0,0,0,0,31,0
363,0,2132,7455,28,24,3164,1,605,9,336,4550,1.4375987361769351,0,549,5,641,336,1,21,0,2132,19
364,0,508,2814,23,28,1271,1,189,26,27,1371,1.0778301886792452,0,168,49,95,27,0,5,0,508,3
365,0,226,7663,2701,139,4241,1,334,56,123,2732,0.644035832154644,1,216,15,2040,123,3,7,0,226,31
366,0,182,1137,31,104,436,1,82,15,382,1174,2.6864988558352403,0,121,2,221,382,0,11,0,182,11
367,0,310,3860,61,274,1167,1,451,21,41,1667,1.4272260273972603,0,347,30,552,41,4,5,0,310,3
368,0,1100,4067,637,355,1587,1,514,32,1302,2901,1.8268261964735517,0,429,35,691,1302,7,11,0,1100,4
369,0,427,1835,3,333,1309,1,216,17,136,1480,1.1297709923664123,0,323,34,555,136,1,15,0,427,2
370,0,35,8388,51,889,2655,1,169,5,499,922,0.34713855421686746,0,321,2,2375,499,1,0,0,35,2
371,0,303,1949,236,9,1219,1,413,51,37,1520,1.2459016393442623,0,178,147,414,37,0,0,0,303,0
372,0,784,12766,101,90,3259,1,1305,109,287,5767,1.7690184049079754,0,1172,305,1959,287,1,15,0,784,18
373,0,299,934,3,42,526,1,123,8,197,1223,2.3206831119544593,0,56,9,26,197,0,4,0,299,4
374,-1,744,2265,19,13,1247,1242,181,21,79,2506,2.0080128205128207,0,201,5,82,79,0,18,0,744,1
375,0,258,2054,13,112,915,1,211,21,574,2296,2.506550218340611,0,94,6,124,574,9,7,0,258,4
376,0,280,1133,54,20,527,1,40,2,86,1309,2.4791666666666665,0,25,0,45,86,3,27,0,280,2
377,-1,1065,1828,145,101,841,1,110,11,310,1974,2.344418052256532,0,178,5,304,310,4,12,0,1065,76
378,0,149,2092,63,133,688,1,355,3,426,1119,1.6240928882438317,0,181,9,355,426,3,6,0,149,1
379,0,1312,8128,8,470,3001,1,709,335,1675,6556,2.183877415056629,0,725,20,1040,1675,4,40,0,1312,4
380,0,750,5543,1048,111,2262,1,321,26,626,2371,1.0477242598320813,0,129,37,943,626,3,9,0,750,23
381,0,280,1619,40,99,749,1,70,9,455,1684,2.2453333333333334,0,107,1,340,455,6,21,0,280,5
382,0,196,695,13,1,275,1,83,4,16,569,2.0615942028985508,0,102,8,105,16,0,4,0,196,4
383,0,820,1882,63,78,720,1,167,42,71,1192,1.653259361997226,0,195,3,335,71,0,2,0,820,15
384,0,16,64,0,0,25,1,4,0,0,135,5.1923076923076925,0,0,0,0,0,0,0,0,16,0
385,0,958,5831,114,16,1455,1,482,55,39,2727,1.8729395604395604,9,646,14,645,39,4,14,0,958,1
386,0,44,2613,1,160,722,188,205,17,0,751,1.0387275242047027,12,212,23,452,0,0,0,0,44,1
387,0,86,2255,3,154,651,1,221,0,134,1171,1.7960122699386503,0,44,1,387,134,0,11,0,86,0
388,0,617,7138,406,169,4459,1,837,129,168,3147,0.7056053811659193,0,220,364,1059,168,20,28,0,617,10
389,0,26,1671,0,4,55,41,20,3,0,109,1.9464285714285714,48,19,0,29,0,0,0,0,26,0
390,0,233,2622,10,141,986,1,336,100,45,1068,1.082066869300912,0,179,65,307,45,1,7,0,233,4
391,0,0,16,0,0,17,1,2,0,0,25,1.3888888888888888,0,2,4,16,0,0,0,0,0,0
392,0,189,2185,39,111,1400,1,61,11,32,2418,1.7259100642398286,0,40,7,436,32,1,14,0,189,9
393,0,15,27,0,0,24,1,0,1,3,85,3.4,0,0,0,0,3,0,0,0,15,0
394,0,4,11,0,0,5,1,0,0,0,34,5.666666666666667,0,0,0,0,0,0,0,0,4,3
395,0,519,1533,14,16,662,1,162,42,29,815,1.2292609351432882,0,77,1,42,29,5,4,0,519,4
396,0,226,1774,6,19,515,1,166,20,33,1220,2.364341085271318,0,61,67,416,33,5,0,0,226,0
397,0,180,1450,27,42,675,1,151,10,32,698,1.032544378698225,0,48,9,63,32,12,10,0,180,0
398,0,686,4164,154,90,1794,1,285,2,22,1124,0.626183844011142,0,192,223,722,22,6,1,0,686,2
399,0,179,1237,22,24,732,1,63,3,32,1300,1.7735334242837653,0,7,2,58,32,2,2,0,179,0
400,0,61,3375,14,136,1539,1,167,9,25,1954,1.2688311688311689,0,154,27,309,25,8,2,0,61,1
401,0,341,2171,15,102,932,1,155,8,44,1076,1.1532690246516613,0,241,171,276,44,0,1,0,341,3
402,0,90,1499,14,41,472,1,225,2,75,1783,3.7695560253699787,0,137,29,108,75,1,0,0,90,0
403,0,737,13301,279,603,3207,1,919,79,1019,4283,1.3350997506234414,0,816,1232,1682,1019,79,24,0,737,8
404,0,61,586,1,10,223,1,62,4,11,413,1.84375,0,45,1,40,11,0,0,0,61,1
405,0,1456,5311,91,27,2916,1,566,87,544,3734,1.2800822763112787,0,296,25,122,544,0,28,0,1456,9
406,0,1121,7507,71,918,3532,1,423,26,1087,5848,1.655250495329748,0,631,10,1479,1087,1,52,0,1121,65
407,0,62,23,0,2,70,1,0,0,0,151,2.1267605633802815,0,1,1,1,0,0,0,0,62,1
408,0,2,16,0,0,18,1,0,1,0,31,1.631578947368421,0,0,0,0,0,0,0,0,2,6
409,0,16,5,0,0,14,1,1,0,0,30,2.0,0,1,0,0,0,0,0,0,16,0
410,0,78,3533,18,118,880,51,171,16,73,813,0.9228149829738933,61,220,9,477,73,0,3,0,78,4
411,0,560,2040,46,19,1589,1,64,15,33,2110,1.3270440251572326,0,32,0,14,33,3,26,0,560,2
412,0,133,2435,42,94,987,1,89,1,940,1808,1.8299595141700404,0,111,37,601,940,1,5,0,133,4
413,0,0,4576,8,0,1026,1,1018,0,0,949,0.9240506329113924,0,0,0,678,0,0,0,0,0,0
414,0,34,55,0,1,26,1,4,2,0,24,0.8888888888888888,0,5,0,5,0,0,0,0,34,0
415,0,11,25,0,0,30,1,0,2,0,40,1.2903225806451613,0,0,1,24,0,0,0,0,11,0
416,0,1478,10028,2443,168,5517,1,340,70,216,3210,0.5817325117796303,1,181,138,3018,216,9,42,0,1478,0
417,0,674,7071,1133,69,2858,1,585,247,187,3327,1.1636935991605457,0,474,27,399,187,2,36,0,674,11
418,0,1,113,96,5,61,1,8,0,0,98,1.5806451612903225,0,4,6,16,0,6,0,0,1,0
419,0,459,13767,196,879,2948,2922,981,46,716,3486,1.1820956256358088,26,392,341,302,716,10,10,0,459,2
