file_name,nesting_depth,num_ids,num_classes,num_important,duplicate_selectors
-4-ans_frontend-relay-main.css-28-b5b01a19952fb688.webpack.css,0,813,2609,601,31
0125e1088e5e73c9.css,0,276,6543,16,48
01f4b874d13e53a477abac6bfaecdb85.min.css_ver=3.11.11.css,0,1167,17150,159,287
035_style_hd.min.css,0,205,5191,294,141
0597379cb48d1325.css,0,82,1882,17,34
08-styles.css,0,9,246,1,15
0ad21b3f7d9235d8.css,0,350,1319,14,211
0bb37c64147e21bb.css,0,1159,1746,167,211
0f0ea027f8e96cd7.css,0,76,2507,58,170
0fa2b49b3f7ae5bb.css,0,526,2946,576,238
1084a8a32bf4fa49.css,0,433,4932,176,472
10d67f944f63b666.css,0,465,4600,1227,247
1128153828_css-head.css,0,1308,11119,751,589
12. Gradiente.css,0,0,10,0,0
14.431c3036.chunk.css,0,273,10191,14,203
150035.user.css,0,1,8,2,0
15e1bc3c12e19e4a.css,0,198,3837,458,229
15efc06.css,0,307,5275,164,1437
16a345e0cb696b04.css,0,161,1296,31,61
1723009492.css,0,281,11176,319,51
1734545378-css26467234fcf2f24352a37bdc274710fa74be9c8402b5640a35a57c14a41fd.css,0,1639,15321,205,1286
1804cbce7175ededae2f0289e3f2e19cef9dc1c5bff606c7c3fd1c512e82833f.css,0,368,4443,2,48
1905208188c27fa0f236.css,0,1021,1500,0,167
19856706ff475b02.css,0,48,891,0,190
19a81816a03f.style.min.css_ver=1.7.6.1731547058.css,0,403,1398,33,122
19a81816a03f.style.min.css_ver=1.7.6.1737292337.css,0,403,1398,33,122
1af1e689739f4bef1893.css,0,115,4250,0,108
1b418408f8eb581c.css,0,290,2142,45,90
1_site_screen_.css,0,464,1830,1,3
2021_telefonica.css_v=556.css,0,2157,9862,305,555
2023homepro_pc_20240207.css,0,149,1575,4,11
2027453dd42bb02d.css,0,64,850,4,119
23aPt7rcP5Io8Cw==.css,0,528,7151,100,313
2578af139c626c28.css,0,42,809,7,257
28-style.css,0,5,69,0,3
293d1c9734b78908.css,0,79,1345,38,138
2b614e563c91c1fc.css,0,142,790,8,415
2c1547685965c071.css,0,305,1003,0,58
2cea7ed.css,0,788,6349,20,66
2d65390b66060c59.css,0,755,7656,1778,294
2d7aa409e5cffe3c.css,0,156,4729,24,742
2df84275f743393ec5bbf76327a6367f-v2.css,0,3884,18697,116,980
303ad6247f599073.css,0,45,1568,133,16
313492416672e315d8ea58f829a7a1fd.css_v=29.css,0,385,1795,4,102
3474914fe9317f26.css,0,466,2587,20,234
35ec781a0896b50a.css,0,48,446,4,97
36.3c0bba2639e45106025e.css,0,119,1343,19,102
36525e9.css,0,413,7085,84,1584
365b24eab900fa98.css_dpl=dpl_A5TtUkAb84sxHJ9K9QaQBdUUP29c.css,0,245,4100,105,156
3ab37a58b73d590e6a9637f943ed060c1619550182eda0d3887a5175ae30da5a.css,0,686,8459,39,1647
3d-skew-sidemenu.css,0,4,14,0,0
3d45e03c7d54c07935e5ee0b2e9b2d5f.css,0,384,5231,87,335
3f3ebc1eb72bac63.css,0,215,2728,8,139
3fc60d38f8844162f614def2adb2dcd2.3ffbb3d5d.min.css,0,2648,13354,39,3395
40fd4b905e40e7e3.css,0,290,1787,34,238
4184.bf0e6f38.css,0,303,1696,0,192
4208fa350424159b.css,0,84,667,1,168
4252-06dde43fec7c.css,0,9374,10817,0,0
43138d6839d5954c.css,0,450,2515,8,373
43c3afa43a68586c.css,0,311,1747,25,435
444.css,0,14,104,0,10
4477bfc1a89a1473.css,0,1551,25165,1970,1385
4498845d.css,0,0,6335,0,0
46f2f16.css,0,2207,17728,349,2398
470f247120cfb297.css,0,53,1039,14,326
4b15c8f74f845671.css,0,570,1673,58,352
4b6b27d98e2c26f64ae53c2073ae9be982e055657a26519bbf962a21e0abec29.css,0,3355,29565,64,570
4ba48ef9.8cb3d11c.chunk.css,0,1588,14097,175,391
4c-3fc917_ver=2.0&_cf=02242021_3231 (1).css,0,1,333,0,5
4c-3fc917_ver=2.0&_cf=02242021_3231.css,0,1,333,0,5
4f1cb0d533f57b79.css,0,158,1732,13,54
5.css,0,500,2007,13,123
500.css,0,0,352,0,87
502407857.staticassets.min.css,0,2310,41569,219,3549
5084.69a3ae21.css,0,19,24,0,2
50c59f3530027476143cfd4611cfd098353975a6507b348f26c01f04a157b3fb.css,0,191,1716,4,38
51-40faf7_ver=2.0 (1).css,0,1,333,0,5
51-40faf7_ver=2.0.css,0,1,333,0,5
5100efdf755a4414825b286688c602ad.css,0,23,4954,8,770
5261a8b431896d57.css,0,110,2955,17,150
56850dc7e4d0d9f1.css,0,3922,42235,153,137
56b5c4ede09f1767.css,0,86,2023,28,75
56f58930beed3331.css,0,705,18202,122,179
572fdf9a3d43c23b.css,0,128,2852,19,162
574b34a9c10831feb8fa.css,0,2069,8093,202,410
58a34cd43376a546.css,0,895,8657,81,296
5a29371b593f3c36b11c.css,0,134,1930,11,122
5bd895ef80d19eb0.css,0,103,713,0,272
5c508cf664eb19ef.css,0,459,4368,19,213
5e33ec529ed46c90.css,0,1216,10277,733,197
5lHH52Au5pPcyf8QhNEWE-MbVu6J6TSgCAgbkPiBd1Gm.css,0,1622,20176,416,2460
6045054f55d6cb66.css,0,458,1793,1,266
6108.230dac857949d37ea8ad.css,0,239,4021,106,784
66f3a18d81b1f90f.css,0,136,3762,155,112
6915.5048297dd5fe4102.css,0,10698,2866,179,53
6ede6b85e3a51adc.css,0,9477,32780,0,563
7047-966aa37d.css,0,99,2998,1,201
73399.9eb7ac2c4d8bcf923d85.css,0,253,1296,0,36
73b510120.css,0,374,6916,75,146
746f9df.css,0,446,5781,436,838
74de899525968bfc.css,0,280,1787,24,296
75b70099a3cc6a49.css,0,83,2894,18,73
7681.0a0130ca87ea9c1afa7d.css,0,44,1121,1,109
78646497.adbd07a7.chunk.css,0,553,2326,86,93
7932.216a26f4.ce446c17acbd7775a857.css,0,213,1135,10,119
7ada7053dce6cb48.css,0,146,2894,55,130
7b7747ec045ae606eb720a1222f56098-app.cb3a79cf.css,0,140,1794,3,53
7da447a85224a884.css_dpl=dpl_3A2Z8eMigbuGovJ5WxWZeYsbWGUe.css,0,274,6757,168,168
7f2b756f38d6afa4.css,0,509,4441,875,120
7f774cc2a0bbf5f5.css,0,158,2240,35,30
7ff3ad2736a48955.css,0,86,1347,0,871
7x0uk.css,0,46,1917,2,59
801b51c780494c45.css,0,0,826,2,221
804aae637969117c.css_dpl=dpl_7cYdTfGbFi5vUPtvmaj3spQosF55.css,0,391,43646,0,1159
807e062798fcf92e.css,0,47,3013,58,358
8247.69a3ae21.css,0,19,24,0,2
8260.6def5544fb9ad623e441.css,0,1085,88,0,1
8413.c89a8cb1.css,0,60,1756,32,87
847a503b137fbfd4.css,0,122,2056,140,102
848376ea2064b368.css,0,2297,12327,2041,813
875b6d0a7e17e874.css,0,167,1069,0,121
8976901e0e13ce78.css,0,201,1941,12,173
8a244f3fd98cc110.css,0,97,1266,0,33
8aa582a94f90.css,0,964,5302,78,371
8d42ad057a275c0a.css,0,273,2224,73,199
8dea4b68a8c1d2a42f9ae2704a6490f02d0bc8f08f25ac6aff9b74b49a50092d.css,0,191,2136,4,42
8fc556194c9d5299.css,0,880,2427,39,213
8nB5Nd+0ubdvc7u8ProG1Gg==&cssminify=yes.css,0,465,4851,68,316
8yif73qhe5prhzs91lao2clku.css,0,955,5702,251,276
9263875191238b27.css,0,116,6699,95,471
92d6cd151da4a87b.css,0,457,2095,60,231
95e8c8d.css,0,79,2004,55,122
99aa9aa1bbb5f29b.css,0,207,1632,5,167
9a8aac78c85569f8.css,0,265,2220,15,63
9bb1b233273c4e80.css,0,667,10084,37,207
9d68900f8cc8cd66997826bdc48d0ce9.css_ver=d0ce9.css,0,236,3426,26,41
9de33be303b86fc55ad3.css,0,197,3382,59,139
a-button.css,0,79,1462,0,1
a-logotype.css,0,2,84,0,0
a00ffac27ee81c36137d.css,0,240,4607,173,104
a15f3af15e244e07.css,0,228,1213,0,317
a649a1d.css_1736942206.css,0,247,1839,83,70
a811f9ff9b18643f.css,0,271,2668,2,566
a934e845.chunk.css,0,42,4514,760,410
aa.css,0,326,2609,24,530
abb9aec7842e30d0.css,0,106,1223,188,37
about.afELFBR9.css,0,145,3194,0,10
about.css,0,7,161,0,18
abt.css,0,11,1,0,5
ac-globalfooter.built (1).css,0,548,959,0,92
ac-globalfooter.built.css,0,548,959,0,92
ac-localnav.built (1).css,0,762,1094,2,171
ac-localnav.built.css,0,762,1094,2,171
ac76d8464eb577f6.css,0,772,18437,904,660
accordion.css,0,7,13,0,0
acs-bootstrap.css,0,1226,6968,127,328
act.css,0,471,1397,17,29
adb0d3e9fc60b5ff.css,0,36,5006,0,58
adca46446a4fe9bf.css_dpl=dpl_6qwUCXgsg2xGf6UVRAb6qo4cKeJy.css,0,134,1174,5,93
admin-ajax.php_action=frmpro_css&ver=1152356.css,0,324,4905,148,54
admin.css,0,707,2773,136,1258
afa9a602071f1154fea203d618da40f33aae8a.css,0,1317,18226,239,1171
agent-styles.css,0,276,1363,6,138
agoras-website.3a2f6f697.min.css,0,1334,8841,40,2309
ai.module.css,0,10,29,0,2
aidem.webflow.186056bd7.min.css,0,178,1266,39,221
all-30d97a4b.css,0,1982,6961,191,184
all-responsive-metal.css_v=5.2.css,0,500,3561,62,179
all-responsive-metal.css_v=9.2.css,0,411,3318,43,164
all-responsive-white.css_v=8.9.css,0,300,3508,28,126
all-responsive-white.css_v=9.1.css,0,417,3345,44,167
all-responsive-white10.css_v=1737819663.css,0,1034,5523,73,286
all-responsive-white4.css_v=6.5.css,0,960,5114,67,266
all-shop.css,0,25,63,0,1
all.css,0,13,6224,0,6
all.css_ccm_nocache=1a0f6bf38cfb9a24565bbdc61ae245ebb5536223.css,0,8,1614,0,4
all.css_id=a3bd14529b5870e4b42a.css,0,380,1697,35,61
all.min (1).css,0,2,2710,0,42
all.min (2).css,0,2,2710,0,42
all.min (3).css,0,2,2710,0,42
All.min.629d6f0ed10ffaa4f823a1136968ee87.gz.css,0,537,9884,284,1254
All.min.6f9b715fd9819b16c537f15598ea16ff.gz.css,0,180,14410,65,5783
all.min.css,0,8,6204,0,6
all.min.css_v=1.0.css,0,3,5046,0,36
all.min.css_v=1.4.css,0,2,2676,0,18
all.min.css_v=1.6e3a181.css,0,580,3053,55,501
all.min.css_v=1737818985.css,0,308,1448,27,44
all.min.css_ver=4.0.3.css,0,2,2690,0,42
all.min.css_ver=6.5.1.css,0,2,2701,0,42
allStyles.4367eb8f55ca8eb8c295.css,0,322,4928,200,580
alr_aiTbF5I.css,0,314,1406,5,11
AmazonUI#jp.not-trident.css,0,624,7825,243,82
AmazonUI#language-ar.not-trident.rtl-true.css,0,624,7794,243,80
AmazonUI#not-trident.css,0,624,7824,243,85
AmazonUI#tr.not-trident.css,0,624,7824,243,85
animate.css,0,0,871,14,417
animate.css_ver=1.0.0.css,0,0,233,12,369
animate.css_ver=2.5.3.css,0,0,871,12,417
animate.custom.css,0,0,9,0,20
animate.min.css,0,0,1101,14,518
animations.css,0,0,7,0,6
anniu_aixindianzan.css,0,0,5,0,0
answers.css,0,48,1101,0,260
anydesk.min-f07098.css,0,1024,11760,938,885
APIstyling.css,0,9,6,0,0
apollostage.css,0,358,682,46,23
app-2b40245e.css,0,648,2840,16,37
app-76131a8e67380cc605202aa7760b0bfa.css_vsn=d.css,0,939,6060,11,1304
app-B9kd_GlV.css,0,516,9007,1619,198
app-BtzO9dTe.css,0,814,2134,20,77
app-ef86e364.css,0,537,8738,4831,1389
app-fa876bdb.css,0,54,1353,9,19
app-portal.bundle-latest.css,0,465,7528,51,1236
app-reduced-7d17ea3136.5421acc38aee.css,0,851,14133,82,2256
app-styles.a8977293d7a0c9d3be7c.css,0,932,5058,4,827
app-wa-69936a1b279f3a9001400679f162b44b.css_vsn=d.css,0,182,6451,5252,454
app.40224ecd.css,0,334,857,32,155
app.661760.css,0,90,2287,195,195
app.683353ec8fcde050.css,0,158,3471,1,658
app.7090baf2.css,0,1288,6887,12,637
app.97b85075.css,0,561,5004,2427,131
app.a1f00a0b.css,0,573,17554,116,1601
app.b9fa0bd471eb855d42c74d1816cb1bf5.css,0,332,5791,147,948
app.css,0,1828,11324,127,611
app.css_40599u4g9m43oyci3.css,0,3524,10372,15,46
app.css_5917cad3a3f0cd2c1e46.css,0,56,460,22,40
app.css_a7853dbe.css,0,283,2283,14,133
app.css_f733d708.css,0,277,2282,14,133
app.css_id=c53a47e91a6d034eb229c66a2332f1a2.css,0,86,1444,1,15
app.css_id=c87e71429bf4f4d8f19a.css,0,1254,7613,1377,89
app.css_id=dd227f9e3acc165f2b02d54fcc3a46dc.css,0,69,1911,54,77
app.css_ver=1.1.19.css,0,361,10716,209,242
app.e2bd00e0.css,0,859,2167,80,234
app.min.css,0,7724,51166,3727,4052
app.min.css_v=9.4.70.css,0,4444,11264,161,160
app.min.css_ver=4.0.0-1736939300.css,0,686,8713,119,1205
app.min.css__v=qw4xvi.css,0,1112,10860,156,1059
app.mo.css,0,859,12340,183,332
app20250121.min.css,0,1329,11032,302,361
appier.net.css,0,55,2402,30,2
application-0605ca60749885c61ad3978f1df00d2a3caf54c90ceb07389d66c3b6c18e3fe2.css,0,5,696,0,0
application-281eaa372ff78445ca5dfd70a53f60e84d561cab88a5f3b02988e174c58a8765.css,0,3197,38270,33,2755
application-32d22335105cdf994697847b6062957898dfcdd92c0ebbe72a62e646fb002cc8.css,0,95,1278,29,115
application-548f08e53a5b8c49526db24b70f5bce8882c7d5823c6779e5a798859799d61fe.css,0,2276,9397,80,128
application-8368ccdd.css,0,383,4294,89,1128
application-c8049df7.css,1,1188,17082,2,5339
application-d92b19989ec8.css,0,2111,10177,211,620
application-de917d7d2ff9e10bebe7dfe5f9895823d93c98482f621c89fdeaea4d3da8c220.css,0,2258,34475,252,669
application-v2-bbc6ed15.css,0,178,3068,24,104
application.css_rst-v1-202501241828-a25d2835db05379baa3df5885121d002d3ba48aab2ba5888e9d6c4cc8370ff8f.css,0,2045,42596,30,117
application.min.css,0,2710,4918,89,1228
application_desktop-bc388d415c89fe9972d369e5d662f6e4a70817f76e7a0056c2684a86c224c021.css,0,281,2087,22,15
App_20201003122747.css,0,9,57,0,10
app_index.css_1737723762.css,0,402,3563,92,794
arizona-bootstrap.min.css,0,991,23131,1762,228
arXiv.css_v=20241206.css,0,646,1288,50,59
ascend.css_ver=17.0.5.css,0,333,1960,34,10
assets.global-pattern.main.3e9c0486.css,0,519,17602,16,179
AudibleBrickCitySkin.css,0,641,9623,71,516
autoptimize_4eef7afd7bcb189df8e18aaee92aa87e.css,0,275,3486,84,47
aux-styles.css,0,1121,168363,562,603
avast.css,0,2149,35974,2632,1997
aw2.css_rev=654&ch=2974.css,0,835,2436,38,40
b0be0ff0ab6d2ca8.css,0,99,916,24,65
b1df7d9c94f417d3.css,0,319,7659,16,4
b378c0a.css,0,735,6267,139,220
b5399cc61e8d28f2.css,0,586,2359,132,151
b691eab7b58684a5.css,0,328,1554,6,55
b7cca75d2c2f62b2.css,0,29,9326,5,45
backblaze-staging.e5124d4b7.min.css,0,1198,7702,76,1572
bar.css,0,519,363,0,0
base-6MACS4YZ.min.css,0,582,5691,10,140
base-cachekey-b7ada1d85158de039cb4ea1f9fc1df13.css,0,525,1901,32,37
base.1056e41a260323e7529a110878b67356.css,0,241,852,6,85
base.css,0,193,2880,77,411
base.css_a96a5569d164089c7dd245f354c3b38b.css,0,988,5763,1707,415
base.css_v=124704624180051430051736194986.css,0,9,1425,23,100
base.css_v=9fa813cf.css,0,447,1009,86,43
base.css_ver=1.20250109121302.css,0,341,2487,32,932
base.css__t=3a0df54bce9478fdd3fce5c4e4f06dfb.css,0,1262,16161,327,1772
base.css__t=e23cb852aa75a3adbad814f587b3f671.css,0,364,10531,11,1353
base.min.1ff73e65296ef706ece5d404d440fcec.css,0,565,8617,827,136
base.min.7565b173909676c2d9fe25676a47959b.css,0,277,5381,39,617
base_pc.css_23ac516a9682ca6d89451a97a4570fc637c3538a6cd8da9869648d345121537a.css,0,594,1982,219,12
base_pc.css_v=20250108.css,0,158,2146,0,3
bazar09.css,0,150,355,3,0
bbdb9426799340cba6e1306da536aba2.css,0,1316,8277,389,1560
bbf0adefd1e65a93.css,0,950,14479,6040,256
bdt-uikit.css_ver=3.15.1.css,0,325,8278,197,217
bhagaa.css,0,0,0,0,0
bindings.css,0,0,26,0,0
BionicConverter.css,0,2,17,0,0
blocks.css_v=a0be765b.css,0,4087,12371,95,2500
blocks.css_v=e110188b.css,0,4387,13436,101,3134
board.css_c=1736847453.css,0,691,3706,117,117
boardstyle.css,0,96,48,0,0
body.css,0,430,15248,329,753
Body.styles.css,0,3,21,0,1
Bold-BS4-Image-Caption-Hover-Effect-3.css,0,1,25,0,0
boldcoastal.css_m=1737738747g.css,0,1622,18457,74,2025
Booking.css,0,7,98,1,16
boostrapp.css,0,574,4036,66,125
bootstrap-3.3.7.min.css,0,533,4036,66,126
bootstrap-4.4.1.min.css,0,649,5207,1031,129
bootstrap-4.6.0.min.css_v=c851740a49ffe876d8c338ec13fffcda.css,0,649,5265,1042,121
bootstrap-5.3.3.min.css_v=1.7.76.css,0,424,5020,1715,152
bootstrap-icons.css_v=7f1be1eba02d1a3c7e0d1a71efe68a5e.css,0,0,1959,2,0
bootstrap-tempo.fd55958a1a37cf04789c.css,0,133,1750,28,195
bootstrap.4.3.1.min.css,0,623,5476,1208,139
bootstrap.909cf271f5ead2a39448149cfe0ab57e622cea3382282cf5117b010a15ef3957.css,0,718,6554,1602,309
bootstrap.css,0,533,4021,66,122
bootstrap.css_1718280862114216.css,0,424,3204,107,139
bootstrap.css_ver=202501221656.css,0,531,3998,65,123
bootstrap.d4d9abcfe1a2f524.css,0,156,2121,5,31
bootstrap.min (1).css,0,649,5207,1031,129
bootstrap.min (2).css,0,649,5207,1031,129
bootstrap.min (3).css,0,649,5207,1031,129
bootstrap.min (4).css,0,649,5207,1031,129
bootstrap.min (5).css,0,649,5207,1031,129
bootstrap.min.87df60d54091cf1e8f8173c2e568260c.css,0,497,3720,67,114
bootstrap.min.css,0,532,4017,66,119
bootstrap.min.css_1737749820.css,0,446,4509,1217,64
bootstrap.min.css_v=1.0.0.2.css,0,609,5167,1292,138
bootstrap.min.css_v=7f89537eaf606bff49f5cc1a7c24dbca.css,0,532,4017,66,119
bootstrap.min.css_ver=-1235434608.css,0,533,4036,66,126
bootstrap.min.css_ver=1.0.1.css,0,422,5092,1661,177
bootstrap.min.css_ver=1734457891.css,0,521,3685,1063,74
bootstrap.min.css_ver=1737011824.css,0,612,5019,1279,132
bootstrap.min.css_ver=4.2.1.css,0,619,5008,1026,121
bootstrap.min.css_ver=4.3.1.css,0,533,4036,66,126
bootstrap.min.css_ver=6.5.5.css,0,365,2800,56,135
bootstrap.rtl.min.css,0,425,5048,1713,152
bootstrap4.min.css,0,623,5091,1031,127
bootstrap5.min.20250114135845877.css,0,555,4770,1364,173
bower.min.css_v=2025_01.02.00.css,0,231,5543,35,465
bulma-0.8.0.min.css,0,1216,9505,286,275
bundle-88fed52ef461fa99801b613189c6fd9a.css_1704982032.css,1,309,8468,67,180
bundle.7090ce23d03e414fd957c02634625056.css,0,233,22704,129,1401
bundle.async.1943477c91dddad3cb0b.css,0,732,5150,242,247
bundle.css_rev=0fbbaf1cf4cf60ac2524ef246caf8d1e84059b96.css,0,4061,9959,294,166
bundle.min.css_t=5f22db0f12c8bb6af04bb2838016e760.css,0,682,4572,1171,465
bundleheader.min.css,0,2576,17818,1528,1554
bundle_20250121-045708.css,0,280,18287,2,24
bundle_old_publisher.css_ver=5.8.10.css,0,288,1109,61,82
buttonCounter.css,0,0,13,0,0
buyBookFillingPage.css,0,7,18,0,0
c02-copy-block.css,0,84,108,0,11
c03-product-carousel-item.css,0,80,233,0,12
c03-product-carousel.css,0,88,198,6,22
c04-article-showcase.css,0,90,168,0,10
c35b41a32fb01cc5cc5a0efcc8ca483e_1685535780_all.css,0,402,2426,83,271
c472f83b9ba120bf.css,0,289,5860,3,74
c62aeb5a38c908eb.css,0,143,2508,118,45
c93ba46f2f741da6167a.css,0,2375,17258,73,198
cagov.core.min.css,0,1788,15652,2499,688
calcite-web-no-fonts.min.css,0,467,3825,24,361
calefactores.css,0,17,46,0,0
calypso--district.e2310b74.css,0,595,8362,351,612
canvasXpress.css,0,6,1005,141,354
captcha_smart.34006bbf7a513fd1b63d.min.css_k=1732741900070.css,0,257,915,3,67
captcha_smart.34006bbf7a513fd1b63d.min.css_k=1732741901550.css,0,257,915,3,67
carbondark_1737832988.css,0,1420,15039,0,1015
Carousel.css,0,10,38,0,1
cart.css,0,26,29,0,0
cbk.css,0,307,6928,694,148
cceaabbb3a84d3c3.css,0,53,2331,6,469
ce25fb75558e821d420a2e842d7e30cc86d11423_CSS.feb7eed5.chunk.css,0,6,1987,1,247
ceae516cee6b900333b894a6da5214a4.css_ver=c1195.css,0,3768,26501,378,525
cf353e6755e7d06a.css,0,105,3104,0,218
cfd1a3c4af66e471.css,0,158,6002,186,731
chart.css,0,0,23,0,0
Chat.css,0,9,20,0,0
chatty_settings.css,0,4,146,0,0
Checkbox.css,0,0,129,6,0
chrome.css_v=8aeb62187bbe.css,0,16,17216,3603,96
chunk-common.css,0,266,329,6,16
chunk-common.e48462a9.css,0,445,3702,52,62
chunk-vendors.231191722.css,0,1198,10135,33,232
chunk-vendors.5477e6e6.css,0,59,1162,23,499
chunk-vendors.5e2a8176.css,0,611,5562,1160,120
cityview_styles.css,0,19,17,0,1
classic.ssl.css_c81120f1cba92d68.css,-2,1201,2749,280,40
classlink.webflow.2aac400e5.min.css,0,4643,26230,39,6444
clay.css_browserId=other&themeId=coe2014_WAR_coe2014theme&minifierType=css&languageId=en_GB&t=1733469192000.css,0,1484,25702,1214,587
cleaning.css,0,16,22,0,0
client.19c4c0f31a.css,0,1027,3493,15,1488
client.78483ce08b.css,0,1344,25867,80,1112
client.css,0,17,48,3,2
clientlib-action.min.ACSHASH44700d76f3f63fa33f30039bb9c74b39 (1).css,0,1760,2786,13,68
clientlib-action.min.ACSHASH44700d76f3f63fa33f30039bb9c74b39.css,0,1760,2786,13,68
clientlib-aem-styles.min.ACSHASHd66c468f4ca17e83ccd97a4518b3e814 (1).css,0,1760,2786,13,68
clientlib-aem-styles.min.ACSHASHd66c468f4ca17e83ccd97a4518b3e814.css,0,1760,2786,13,68
clientlib-all.min.a55809c3a570a9a1f49b5bc08aef872f.css,0,1961,19107,1802,1422
clientlib-base-ux2.min.5f8fc3aea5b2678de065d12b5667c345.css,0,811,13004,240,1210
clientlib-base-v2.min.04351bfd5bc4f68c43fe139a1eedd03e.css,0,871,12829,1298,268
clientlib-base.20250114134654.min.css,0,5,4629,8,0
clientlib-base.2b389220ce38056f0c57919d76a98d18.css,0,696,8917,322,528
clientlib-base.css,0,1280,24198,256,1706
clientlib-base.lc-5480b274b642c29bc4a0c9ecd7eb8271-lc.min.css,0,14,4983,8,25
clientlib-base.lc-5b6bf6bddb27a9ef3f911fb1eb20081a-lc.min.css,0,5,4626,8,0
clientlib-base.lc-99e6138fc3579fe6a02605a8fc47cd6b-lc.min.css,0,5,4633,8,1
clientlib-base.lc-9abdcfdbb5116e656cc4254a973d9bd9-lc.min.css,0,5,6142,10,0
clientlib-base.lc-bee0a8382ad36e345dda31b92379d226-lc.min.css,0,5,4626,8,0
clientlib-base.lc-c0203cb566fedac2f9f2d8b229f79504-lc.min.css,0,5,4639,8,12
clientlib-bayberry.min.css,0,278,3729,19,244
clientlib-chat.min.ACSHASHfa6f56b2d3037982772378233706c9af.css,0,1760,2786,13,68
clientlib-components.52df5da9ef367461415ea3f6a64321ff.css,0,108,7829,0,5
clientlib-dependencies.lc-0db67b7baf85a6d17328626683a7a412-lc.min.css,0,213,2849,0,146
clientlib-dependencies.lc-4febb64ea0629284e1ac6fda44633347-lc.min.css,0,5,6941,2,37
clientlib-experience-main.ACSHASH1508f1a1a7998738fae1dc3445355c45.css,0,47,2406,345,345
clientlib-globalcss.lc-c2d67fbeda7369c0d3c42a0fa93f470d-lc.min.css,0,245,2528,132,541
clientlib-grid.083db1b81a5418f832a6c9e1dafbcb98.css,0,116,1037,4,82
clientlib-grid.lc-4fb628f2edf7b457c6ec0b16fbabb054-lc.min.css,0,0,4576,8,0
clientlib-grid.min.038ca416b87020656532b711d658250a.css,0,0,2663,7,0
clientlib-home.lc-7f44b759f627afd18d09d1b8feab7811-lc.min.css,0,427,7438,44,863
clientlib-idlStylesCarbon.lc-cb338454784b041f689bc70d1113fcc5-lc.min.css,0,7011,22789,5,1199
clientlib-main-v2.min.56b6d7a1f8a0220c700f42317c326652.css,0,527,10429,23,887
clientlib-mmo-landing-main.2c9105c8335b6e74cabe6aff7561f22a.css,0,281,2924,186,182
clientlib-part.min.af4f039729002e540cc3cf5fa189b3e5.css,0,1367,36170,719,2383
clientlib-product-pricing.min.ACSHASH2add065651afb45e8c80967dd7b86a41 (1).css,0,1760,2786,13,68
clientlib-product-pricing.min.ACSHASH2add065651afb45e8c80967dd7b86a41.css,0,1760,2786,13,68
clientlib-react.lc-29b795f665fb3d5fe76c8998db3003e8-lc.min.css,0,1013,14753,248,517
clientlib-reimagine-base.min.ACSHASH81b1ef0c4a6b80454291234fcd6e45b0.css,0,1760,2786,13,68
clientlib-site-ltr.lc-9138af7d23fba890d59157e1cedd3632-lc.min.css,0,6084,172095,894,13869
clientlib-site.css,0,350,5148,68,455
clientlib-site.lc-8bce6205ec2037e47f381abb07e8cd17-lc.min.css,0,61,3847,16,239
clientlib-site.min.5bc518c54d777ae03d73d38c70c68b4a.css,0,1089,24608,96,1549
clientlib-uhf.min.ACSHASHf9f2395c582fa601707b7a5dfae9f05f (1).css,0,1760,2786,13,68
clientlib-uhf.min.ACSHASHf9f2395c582fa601707b7a5dfae9f05f.css,0,1760,2786,13,68
clientlibs-common.min.css,0,2006,19164,409,870
clientlibs-jetstream.min.93791621cbe9a739d844b9c13388d331.css,0,1246,3101,21,670
clientlibs.250120.css,0,5040,54496,217,3490
coffeeNamu.css,0,22,122,0,11
com-1021854-17.css,0,31,640,0,122
combined.min.css_v=156.css,0,2132,7455,28,34
combo.css,0,508,2814,23,28
common (1).css,0,1960,11340,101,290
common-5954a4412f187ad7677d.min.css,0,226,7663,2701,191
common-base_3f7198f.css,0,182,1137,31,161
common-main.css_v=2025011312-711.css,0,310,3860,61,405
common-v2.css,0,1100,4067,637,486
common.0e158fe1a21b.css,0,427,1835,3,479
common.1db201859752f631904d.css,0,2156,17954,58,2026
common.a1a6f956dff4a3bf.css,0,35,8388,51,941
common.css,0,303,1949,236,182
common.css;jsessionid=D66294A48C1C4FB8B48F24D15A6EEA36.lghome2019_9480_lgcclghwasp02_20200105001.css,0,784,12766,101,1100
common.css_1.css,0,299,934,3,42
common.css_1c577ce449d847d61bdb.css,0,740,11932,106,1530
common.css_20250121145933.css,-1,744,2265,19,13
common.css_t=b116e6bf9133f825d245133f36c826bd319c0897.css,0,1995,18604,1090,541
common.css_v=1b2fbe28d5c05be36c05617e7873ab31ecde2ebb.css,0,258,2054,13,125
common.css_v=20250122142251151.css,0,280,1133,54,23
common.css_v=7543943.css,-1,1065,1828,145,117
common.min.css,0,149,2092,63,229
common.min.css_9c70dc78b.css,0,1312,8128,8,706
common.min.css_nc=2025012001.css,0,701,21316,21218,839
common.v7aca7f1d18.css,0,750,5543,1048,152
common3.css_ver=4101394350.css,0,280,1619,40,202
commons_58dc340.css,0,196,695,13,6
common_new.css_1737467203334.css,0,820,1882,63,162
community.css,0,16,64,0,0
commu_style.css_v=49ba09d59de03dcd3d8d347d13f4ccb0a.css,0,958,5831,114,30
compact.c8630b806cd5d2023f11c47c78b4ac19.css,0,44,2613,1,188
compact.min.454aded12b7ebd257759842eb199ba22.css,0,86,2255,3,337
component---src-pages-translator-tsx.4a374e5841ba6602f34f.css,0,617,7138,406,224
components.css,0,26,1671,0,6
component~main~748942c6.074ced0b.chunk.css,0,233,2622,10,246
composition.css,0,0,16,0,1
connectad-realtime.webflow.5c0d82b6d.min.css,0,189,2185,39,339
constellix.2c9f8b2ab.min.css,0,1223,15957,39,4665
Contact.css,0,15,27,0,0
ContactSummary.css,0,4,11,0,0
context.min.css,0,519,1533,14,21
convince-your-boss.DjPUhipd.css,0,226,1774,6,40
core-6c7e6251e63a23de8894834ebcac22dd04d679947ddbac25983204df3dce8673.css,0,4186,16928,2120,289
core-c31849401bd3ca718777.css,0,180,1450,27,51
core-global-styles-fonts.min.css,0,686,4164,154,127
core-libraries-brcmsspa.20250107112804aa8478092d.css,0,179,1237,22,26
core.820ff14.css,0,61,3375,14,235
core.css_ver=1.4.css,0,341,2171,15,154
core.d869eb4d4b4773697ecefd3697498684.min.css,0,90,1499,14,46
core.index.min.css_cb=1733270213390.css,0,1333,15058,404,1599
core.min.ACSHASH1fd014038b01964f47cc3617d3aafaa6.3.26.5.css,0,737,13301,279,731
core.min.css_47.css,0,61,586,1,18
corev15.css_rev=BiOgxuWcxBnhKNutTFJcDA%3D%3DTAG0.css,0,1456,5311,91,33
cornell.css_ver=20240403.css,0,1121,7507,71,1388
costomer.css,0,62,23,0,2
crb_style_doc.css,0,2,16,0,0
createinvoice.css,0,16,5,0,0
creditkarma.com.css,0,78,3533,18,166
cricbuzz.min.1735032600.css,0,560,2040,46,20
critical.27f48802.1.css,0,776,14546,74,1219
critical.min.css_v=azure-40307.css,0,133,2435,42,143
crowdstrike-grid.lc-d75b4ada966a12a0acc4f4483174f716-lc.min.css,0,0,4576,8,0
crud.css,0,34,55,0,1
css template 1.css,0,11,25,0,0
css-btoto-light.css_fa5e8f78e607abaac193c71cb80f7f9f.css,0,1478,10028,2443,226
css-main-base-mobile.css_rev=40abbb9485804d1a99169fcc0f74b1a9.css,0,674,7071,1133,115
CSS-Theme(ViolentGlass).css,0,1,113,96,6
css.css,0,459,13767,196,879
